ID,Label
163438,1
118705,1
181862,0
126804,0
42106,0
70974,1
94757,0
131899,0
171687,1
208451,0
31525,1
52700,0
207834,0
115389,0
62124,0
181637,0
76453,0
19646,0
180092,1
170415,1
19264,0
23421,0
169513,0
141953,1
209494,1
143945,1
149766,1
138741,0
156645,1
5156,1
167047,1
54650,0
83934,1
170714,1
179359,1
146480,1
144054,1
36300,1
74600,0
81581,1
77538,0
58585,0
149038,1
42515,0
32863,1
171333,1
130318,0
74232,0
149558,1
5301,1
187533,1
10649,0
98101,0
135871,1
33547,0
139300,0
177937,0
13665,1
125860,0
134621,0
185567,1
124529,0
41131,1
120388,1
52846,0
38374,0
144478,0
49437,1
153353,0
80965,1
78146,0
132542,0
84915,0
73545,0
107136,1
49076,1
196563,1
132495,0
152101,0
173295,1
186306,1
149237,1
102022,1
144823,0
69230,1
30961,0
58083,0
102334,0
125302,1
139059,1
167439,1
5198,0
273,0
177139,0
118565,1
38057,0
181685,1
106256,0
85407,1
170381,0
112711,1
37266,1
191957,0
159882,0
60146,0
173722,0
40364,1
187774,0
140788,0
11405,1
78151,1
107233,0
206725,1
592,0
3795,1
161953,1
43886,1
10643,0
192952,1
162117,1
211197,1
89018,1
9006,1
88258,0
190118,1
16741,1
61377,1
105164,0
36482,0
173471,0
66941,1
43514,0
90166,1
52015,1
81032,1
152178,0
118259,0
184695,0
47846,1
135904,0
123470,1
47093,1
121208,1
71085,0
12627,1
67213,0
192055,1
94377,0
97716,0
15930,1
174320,1
1087,0
63668,1
83503,0
86066,0
172392,1
169444,0
67871,1
126556,0
44961,0
50463,1
54351,0
171859,1
91890,0
17608,0
67982,0
170438,1
132353,1
69878,0
135153,1
82381,1
101242,1
102051,1
123336,1
138856,0
22702,1
99881,0
10781,1
165683,1
48990,1
66233,0
54571,0
120551,1
123640,0
153305,0
69326,0
58646,1
61927,0
178274,1
170327,0
125998,1
112952,0
125594,0
59077,1
58388,1
30819,1
101497,1
179454,1
144890,0
190917,0
147931,1
37690,0
21748,1
94235,1
9203,1
84910,0
181794,1
40250,1
59334,1
98113,0
154952,1
170935,1
40057,1
100221,1
156354,1
178991,1
166868,0
69976,1
119646,0
63529,0
180704,0
71906,1
179272,0
58283,1
172108,0
59979,0
126239,1
171586,0
121540,1
181908,0
144843,0
191982,0
71662,0
162935,0
21919,0
58990,0
89128,0
113788,1
40462,1
135803,0
27560,1
93425,0
10601,0
109637,1
131448,0
191294,1
206828,0
8726,0
192021,0
89583,0
183185,1
140331,0
127345,0
150481,0
87080,1
171215,0
156907,0
54108,0
171700,0
29522,0
68867,1
195402,1
134338,1
63878,1
79721,1
16335,0
108970,0
90931,1
115545,1
165388,0
142778,0
139261,1
89780,1
128814,1
79556,1
30482,0
154033,0
76232,0
30687,0
199478,0
190666,1
154571,0
209672,0
51455,0
154697,1
117263,1
64246,1
205626,0
111605,1
134759,1
157240,0
141947,1
196270,1
143402,0
193928,1
56016,1
66609,1
145444,1
60191,0
128313,1
109234,1
53293,1
140987,1
186758,1
161336,1
198711,1
143579,0
179631,1
183107,0
53202,1
163333,0
90425,1
126200,0
30543,0
203648,0
204493,0
159723,1
86431,0
154907,1
44338,0
16812,1
125883,1
130068,0
191093,0
171537,1
41201,0
136073,1
164767,1
134283,1
163571,0
114427,1
70339,0
6914,1
73984,1
178165,1
88630,0
208387,1
171032,1
155949,0
129316,1
196460,0
21609,0
112357,0
77631,0
177551,1
121520,0
196030,1
171116,0
125750,1
98100,0
14229,0
55313,1
33901,1
188980,0
74080,1
190913,0
76152,0
2886,0
185121,1
200587,0
84856,1
207740,0
70865,1
55561,1
111982,0
24866,0
19040,1
79984,1
147634,1
169129,1
74343,1
69406,0
211562,0
76293,0
107198,1
74879,1
109619,1
69249,0
69099,0
53144,0
179691,0
123524,1
129354,0
62305,0
193151,0
482,1
61519,0
163901,0
108839,1
69389,1
34494,0
177332,0
72812,0
130260,0
150622,0
195194,0
63552,0
145600,1
111310,1
135268,1
17812,0
59900,1
177442,0
139226,0
187182,1
58623,0
72803,1
62872,1
44555,0
211385,0
110453,1
186008,0
126470,1
114024,0
68785,0
56704,0
5633,1
41795,0
74582,1
87292,1
148599,0
87127,0
153669,0
145376,1
33237,1
25718,0
92101,0
209939,0
71541,1
56692,1
65041,0
200881,1
55314,1
137886,1
17232,1
82591,0
210184,1
15221,0
163120,1
141793,1
25093,1
187528,1
200625,0
64281,1
84279,0
83382,1
82667,1
198445,1
80275,0
207622,1
90284,0
98444,0
187188,0
199804,1
128499,1
23253,0
119494,0
157198,0
57230,0
128183,0
135947,0
202312,0
118036,1
95006,0
67499,0
88042,1
32994,0
178132,0
91208,1
173638,0
162308,0
170062,1
21612,0
39310,1
77057,0
156623,1
90724,1
103663,0
17045,0
20931,1
107737,0
103214,0
147350,1
26273,1
184413,1
77133,1
65126,0
196458,1
99168,1
187978,0
144309,0
33534,0
211117,0
194832,0
199000,1
88866,1
33388,0
17962,0
45869,1
3829,1
154319,0
29152,1
161608,0
174464,1
45180,0
103294,1
182924,1
124548,1
153730,1
85690,0
26168,1
45887,1
163404,0
70502,1
27243,0
327,0
82430,0
206908,1
14137,0
6966,1
54281,0
137693,1
68027,1
62856,1
104488,1
156716,1
90184,1
13207,0
85938,1
202200,0
159405,0
151213,0
26670,1
118373,0
66044,0
184534,1
135415,0
73625,0
150088,0
148218,0
62566,0
89106,0
58227,1
171347,0
206462,1
6290,0
107180,0
75009,1
20567,0
37177,0
132326,1
53235,0
25648,1
11621,1
129557,1
168827,1
81370,1
184907,0
37338,0
111109,0
66384,0
205032,0
19815,1
140535,0
150059,0
116306,0
157920,0
68754,1
174035,1
160280,1
97756,1
44005,0
168366,0
151930,0
81508,1
11940,0
54517,1
142186,1
38068,1
39790,1
50534,0
16154,1
13529,1
54637,0
56624,0
118074,0
6377,1
77257,1
79300,0
165326,1
114676,1
177921,0
127092,1
55421,1
104238,0
192766,1
141539,1
165674,0
182330,0
84172,1
107989,1
100214,1
57419,0
14200,0
211900,1
44037,1
86456,1
25342,0
70524,1
94201,0
77462,0
140648,0
47252,0
39193,0
63984,0
201902,0
125046,0
182527,0
33773,0
106973,0
131856,1
122860,1
154927,1
29931,1
114479,0
32732,1
187103,0
74269,0
119200,1
154547,1
94285,1
87629,1
53164,0
155235,0
117515,1
118336,1
175834,1
24652,1
207240,0
76540,0
88627,0
41409,0
193191,1
110044,1
65838,0
169573,1
205810,1
34437,1
86398,1
84484,1
180043,0
91563,1
10042,0
96718,1
80955,0
205732,0
79151,1
44538,1
29629,0
16691,0
37844,1
38236,1
135008,1
144295,0
35008,1
165580,0
171510,0
106004,0
24568,0
184286,0
182170,0
112632,1
106660,1
161750,0
202399,1
42241,0
70746,1
87995,1
8750,0
205763,1
136905,0
158216,1
47552,1
74238,0
109088,1
136423,0
121699,0
143236,1
206668,1
15225,0
57483,0
60043,1
172181,0
120459,1
207342,1
12254,0
124198,1
179948,1
25168,0
106969,0
31751,1
168786,0
6006,1
49921,0
178893,1
15898,0
7295,0
27904,0
178711,0
21711,1
210684,0
121985,0
59279,0
111590,1
136815,0
105668,0
102249,0
5889,0
183889,0
61701,0
163105,0
94415,0
201197,1
84036,1
199263,0
146642,0
103145,1
85668,0
54371,0
41279,1
172234,1
153014,0
167697,0
210753,0
165387,1
66615,1
69190,1
32021,0
209612,0
82872,1
182993,1
106960,0
19424,1
99291,0
189859,0
177140,0
190246,0
105932,0
178860,0
55135,0
183010,0
31049,0
132511,1
67342,1
17450,1
12766,1
147758,0
93763,0
83705,1
156805,0
95513,1
46544,0
108790,0
28322,0
70797,0
48343,1
85925,0
129113,1
58061,1
179763,0
197525,0
35377,0
23177,1
170315,1
76583,1
183220,0
194356,0
145657,1
67786,1
172130,0
98904,1
99562,1
146821,0
19039,1
169050,1
175191,0
181550,0
122353,0
148836,1
1727,1
7804,1
154560,1
41227,1
199541,1
195733,0
68709,1
69141,1
107581,0
115825,1
32816,0
40088,1
141181,0
201397,0
94359,0
210463,1
107321,1
94278,0
100093,0
14361,1
100242,0
42501,1
81938,0
140194,0
23795,0
182738,1
174289,0
191654,0
195612,1
161530,1
55826,0
103823,0
200412,1
123648,1
29679,0
86568,0
32090,0
41484,1
162047,0
38682,1
134716,0
12955,0
15406,0
82422,1
93562,0
37883,0
45288,1
64095,1
86262,0
43473,0
207416,1
81429,1
209075,1
22209,0
8155,1
151316,0
153668,0
34306,1
55199,1
37671,1
33515,0
115714,0
109206,0
47123,1
186369,0
10756,1
162560,1
140090,0
152833,1
43438,1
199668,0
110026,0
188958,0
145993,0
149934,0
154819,0
127442,1
54026,1
1168,1
82543,1
48131,0
207098,0
188996,0
8209,0
105733,0
61742,1
55944,1
98477,1
60735,1
81048,0
184532,1
193730,0
13318,1
152882,0
113145,0
116493,1
147629,0
130046,1
202467,0
203281,1
48703,1
86604,1
211079,1
105180,1
205712,1
162850,0
47437,0
167957,1
94987,1
14383,1
23625,1
122832,0
156533,1
21638,1
195789,0
26640,0
45839,0
211762,0
46218,0
159571,0
109667,0
192864,0
103147,1
115358,0
124312,1
39731,1
158425,1
121664,0
150150,0
81004,0
7713,1
138440,1
46024,0
151091,1
120252,1
184129,0
201330,1
185076,0
72905,0
180216,1
106492,0
75318,0
43043,1
44282,1
68723,0
172804,1
112769,1
94280,0
196486,0
7487,1
88723,1
195187,1
201600,1
134334,0
107046,1
173392,1
147610,1
114860,0
191658,1
33852,0
9018,0
96366,1
178265,0
162123,0
183993,0
103432,1
105085,1
125454,0
180496,1
150021,1
78604,1
16705,0
108449,0
112505,1
132536,1
91573,0
181345,0
29702,0
97454,0
157321,1
127744,1
172217,1
56164,1
207883,1
201806,1
18432,0
143688,1
211255,1
115897,0
65919,0
172242,0
42198,1
96513,1
69965,1
59544,0
52947,0
209143,0
109790,0
10369,1
75367,1
80332,1
140505,0
207485,0
95822,1
38287,1
41475,0
63231,0
152909,1
130238,1
119230,0
165189,0
137070,0
19101,1
12241,1
93712,1
167996,0
153409,0
170576,1
50099,1
194360,0
67378,1
119678,1
150318,1
25652,0
168072,0
102211,1
168665,1
208085,0
185023,0
32303,0
210198,0
164337,1
66830,0
20787,0
109872,0
191285,1
45262,1
101418,0
171160,0
134083,0
93910,1
6404,0
107281,1
148456,0
147749,1
12721,1
135662,1
140609,1
123960,1
93431,0
35319,1
146354,0
71648,0
92151,1
144526,1
172470,1
37580,0
78160,0
116456,0
5618,1
39542,0
44671,1
71399,0
57837,0
48503,1
16236,0
44492,1
15283,0
89438,1
52825,1
18294,0
116643,1
118427,0
178758,1
90378,1
24877,1
168977,1
161885,1
55305,1
147354,0
115034,1
60228,1
192870,1
75695,0
206965,0
199132,0
98812,0
42875,0
24329,0
16170,1
117755,1
18496,1
158426,1
135748,0
34563,0
64388,1
48633,0
62386,0
128334,0
26586,1
123416,0
60609,0
62531,1
186635,0
152749,1
106871,0
141946,0
146618,0
11350,1
47679,1
120821,1
121449,1
105043,1
129884,1
134191,1
70962,0
169031,0
199796,1
171209,0
37091,1
78760,0
90028,0
79022,1
65422,0
103267,0
100533,0
10727,1
88692,0
29994,0
135640,1
115206,0
138246,0
26567,1
23470,1
89273,0
118543,1
89549,0
4574,1
165573,1
113466,0
171466,0
133080,1
156697,0
112800,1
40381,1
91174,1
102863,1
3147,0
148142,1
131176,1
198472,1
68130,0
37076,0
111564,1
101071,0
15539,0
80235,1
207705,0
165336,1
24075,1
14373,0
133224,1
87250,1
160272,0
65449,1
226,0
61916,0
86004,0
19283,0
42644,0
169683,0
30229,1
203129,1
51750,1
205325,1
8399,1
144395,1
211367,1
115252,0
45271,1
42577,1
33664,1
33671,0
120046,0
197973,0
16316,1
155566,0
82980,1
196539,0
93130,1
165355,1
52512,1
81771,1
162290,1
18482,0
18955,0
196299,0
107745,1
189307,0
200202,0
40730,0
179449,1
188466,1
190135,0
49123,1
191238,1
38148,0
100881,1
147432,1
153047,0
166797,0
150207,0
111001,0
55002,1
128819,1
67130,0
206198,1
103857,1
12886,1
74872,1
170700,0
47481,0
207942,0
117669,1
37526,0
41448,1
4045,0
35744,0
155184,1
124109,0
77845,0
136908,1
30974,1
55583,1
153522,0
50898,0
145367,0
152631,0
127991,0
172969,0
116403,0
189198,1
40906,0
68095,0
57212,1
70315,1
96314,0
89685,1
28711,0
84394,1
178836,0
47815,0
54989,1
161275,1
107372,0
20977,0
39044,0
152191,1
159353,1
179323,1
112688,1
25483,1
182808,1
204454,1
123015,0
143608,1
199276,1
190158,1
75602,0
207403,0
167725,1
29673,1
124165,1
118847,1
19161,0
91829,1
740,0
99462,1
38741,1
137359,0
37075,1
211908,1
1047,0
79675,1
22878,0
207264,1
44925,1
16767,1
22473,1
173186,0
124005,1
94747,1
19393,1
118491,0
5589,1
85103,1
47628,1
155203,1
54946,0
160445,0
128314,1
97916,1
18920,0
51135,1
33054,0
125334,0
52451,0
118537,1
92788,0
143933,1
19469,1
186296,0
23645,1
127837,0
35079,1
115331,0
107717,0
16475,1
81696,1
58514,0
7347,0
56004,0
40121,1
59760,0
83882,0
22697,0
172448,1
178687,1
208780,0
190855,1
190441,1
167232,0
86507,0
96603,1
52610,1
3046,1
53044,0
8472,0
188881,1
101582,1
159716,1
74885,1
64353,1
29795,1
22348,0
121908,1
72615,0
102207,0
164606,0
99715,0
17114,1
208118,0
102703,0
113913,0
38942,0
64000,0
182507,0
130610,1
205436,1
97588,0
190062,0
12265,0
123514,1
136092,0
13683,1
47955,0
125456,1
15554,1
200837,0
125745,1
26671,0
35734,0
178350,0
20291,1
121452,1
165921,0
24591,0
5929,1
168492,0
28643,0
199298,1
89835,0
114038,1
144118,1
114563,0
64135,0
107809,1
7694,0
105578,1
209251,0
146308,1
185622,1
187942,1
60267,1
93689,0
35788,0
197795,0
156531,0
187700,1
203784,1
33213,1
109023,1
116888,1
168536,0
133680,1
191316,0
114036,1
187234,1
179262,0
206235,0
1113,0
178582,1
192624,1
108810,1
58359,0
96446,1
33084,0
211423,1
140530,0
15056,1
89717,0
168751,1
5926,0
81318,1
25850,1
91605,1
50602,1
62622,0
11351,0
139180,1
55524,0
71427,1
94560,0
115365,1
205165,0
176199,1
54372,1
170943,1
36325,0
99686,0
103507,1
169322,0
130164,0
205627,0
151077,0
31830,0
68261,0
184131,0
177650,1
162251,0
86625,0
61614,0
50448,0
164919,1
92740,0
42318,1
117478,0
151490,0
205852,0
174923,1
18344,1
34109,1
171143,0
19919,0
75021,0
176809,1
192115,1
147025,1
27342,1
172038,1
129441,0
101932,1
77298,0
188181,0
208574,1
168054,1
102488,1
25220,0
207314,1
41373,0
112756,1
13982,1
137440,0
36899,1
117663,1
70122,0
64678,0
181186,1
76500,1
32258,1
123775,0
200028,1
180436,0
102391,1
145041,0
157674,1
6315,1
43647,1
186433,0
142854,0
112958,0
89211,0
152978,0
117076,0
117118,1
175321,0
31303,1
140673,1
164490,1
210347,0
70707,0
19660,1
125510,1
193511,0
40379,1
144467,1
145257,1
332,1
11189,0
94214,0
62377,0
113854,1
123683,0
8805,1
174267,1
91188,1
191559,0
64137,1
66195,1
147832,0
36078,0
102469,0
31576,1
111107,1
195517,1
73096,0
13768,1
192598,0
198359,1
211379,1
118586,1
176247,0
105115,0
43323,1
194032,0
206657,1
146883,0
164675,1
78318,1
179098,0
182099,1
45838,1
133268,1
103819,0
67727,0
8383,1
115581,1
34054,0
181819,1
55466,1
174584,1
87280,0
126627,0
136866,1
51294,1
161984,1
191020,1
34484,1
30841,1
26481,1
102772,1
24579,0
112395,1
96233,0
15774,1
85829,0
193514,1
47030,1
156313,0
130603,0
171299,1
165929,1
48870,0
58096,0
211775,0
132547,1
122915,0
154500,1
51288,0
84181,1
94665,1
113619,0
189300,1
20180,0
54072,0
44139,1
75141,1
208328,0
43978,0
170298,0
30904,1
47565,1
179075,1
138489,1
95841,1
44608,0
134109,1
179271,0
1916,0
138030,0
28999,1
70102,0
96669,0
17624,0
47862,1
98995,1
74569,0
65136,1
188272,0
200317,1
167098,0
111375,0
44327,1
86901,1
134473,1
167050,1
108729,1
5166,0
160701,1
9927,1
194707,0
103748,0
20709,0
105038,1
168795,0
183358,1
150298,0
125252,1
7464,0
138352,0
118321,0
92093,0
178502,1
141016,0
19970,0
56550,0
130776,0
125504,1
92663,1
143442,0
207707,0
5371,1
140119,1
20229,1
210966,0
182362,1
24369,0
73532,1
24684,0
92761,1
107341,1
135369,0
188459,0
48509,0
49512,0
89553,0
189585,0
74447,1
207381,0
139611,0
38199,1
194267,1
167221,0
48710,1
54558,0
153151,1
145533,0
148518,1
31792,1
69052,0
72056,1
94002,0
133433,1
123362,0
33087,0
188951,0
81359,1
174579,1
148624,0
11059,0
158887,0
80360,1
77809,0
140555,1
54798,1
157983,0
189055,1
19174,0
189234,0
66744,0
166347,1
173894,1
101861,0
32911,0
169269,0
206012,0
15396,0
210579,0
192535,0
190884,0
53267,0
174713,0
158890,1
109871,0
162946,1
172091,0
35163,1
73304,1
182571,1
36392,1
129795,0
30709,0
19980,0
122316,0
73453,1
207124,1
10468,0
147222,0
78795,0
142541,1
60439,1
51323,0
197477,1
83703,1
80185,1
84806,0
123405,1
73807,1
147543,0
25105,1
183318,1
201647,0
70809,1
140021,0
116014,0
169180,0
207479,1
27581,0
114865,1
199085,1
189765,1
61113,0
14886,0
69194,1
96302,0
127717,0
23068,0
87604,0
210669,0
62805,0
110513,0
172523,0
96723,0
171110,1
99432,1
142970,0
66363,0
27383,0
101504,0
209239,1
136798,1
190599,0
62540,0
158042,1
93639,1
192680,1
85083,1
154314,0
126111,0
14856,1
195027,0
164102,0
8269,0
29828,1
97619,1
133497,0
4523,0
174962,1
10282,1
56076,0
94693,0
50299,0
75776,1
47077,1
103338,0
11971,0
60201,0
112037,1
14107,1
27641,0
7150,1
145319,1
131272,0
121965,1
144598,0
77441,1
172401,1
135000,0
190452,1
133818,0
128875,1
21742,0
170227,1
15069,0
66019,1
128655,1
97053,0
74253,0
52968,0
81727,1
45070,0
114607,1
122712,1
178310,1
147021,1
71259,1
25491,0
175096,0
184184,0
111002,1
101,0
149585,0
158861,0
79414,0
21019,1
205768,0
8263,0
22553,0
25412,0
108352,1
14701,0
166472,0
111795,0
36894,1
28769,0
48664,0
84975,0
158641,0
158146,0
99400,0
192615,1
96370,1
147032,1
194274,0
209344,1
117531,0
72775,0
136224,0
191213,0
208553,0
61602,0
81612,0
91589,1
154776,1
149367,1
76550,0
75912,0
174349,1
163723,0
133513,1
137364,0
189811,0
83473,0
160948,1
159987,1
194844,1
65280,0
185638,0
102853,1
60284,0
177222,1
132173,1
65088,1
108864,1
86913,1
147355,1
146304,0
113308,0
152811,1
124467,1
173268,0
123302,0
44764,1
77381,1
159565,1
1856,1
55111,0
136048,0
160253,0
140931,1
11732,0
28755,0
16064,0
11944,1
68055,0
100235,0
180852,0
85265,1
80248,1
82129,0
61662,1
199776,0
201148,0
36306,1
132731,0
7763,0
3848,1
31808,0
110317,1
41973,0
169654,0
182661,1
166927,0
67144,1
76143,1
132892,1
195022,1
203019,0
151730,0
19113,1
15189,0
45484,0
146409,0
16513,1
204275,0
55170,1
13820,1
106245,0
34190,0
157726,1
121445,1
84496,0
32859,0
211078,0
167523,1
150024,1
11408,0
68587,0
16324,1
32170,1
36217,0
20627,0
167291,1
36029,1
85554,1
156084,0
208348,1
29647,0
31848,1
153442,0
211547,0
181629,0
203630,0
107795,0
118965,0
188004,1
25701,0
193432,0
169717,1
99537,0
69035,0
163028,0
109222,1
192065,0
104615,0
169917,1
100969,1
166122,0
32274,0
152389,1
72419,0
124256,1
81295,0
37523,0
136302,0
81715,1
77259,1
425,0
205826,0
140924,1
73270,1
151732,1
94175,1
70361,1
73602,1
28490,0
197919,1
1803,0
190220,0
68282,1
118388,1
124580,1
110113,0
152876,0
196504,1
140148,0
29998,1
54693,0
22073,1
106980,1
121511,1
177793,1
161372,1
73298,1
165872,1
108966,1
202210,1
157980,0
211751,1
127739,1
124359,0
13946,1
147913,0
126981,0
209234,1
198211,0
74464,1
110804,0
162736,0
52932,0
38517,1
72354,1
162313,0
135779,0
184774,1
158577,0
35731,0
210780,1
104321,1
52903,0
85531,0
125588,1
203394,0
170504,1
183459,0
85290,1
19407,1
115507,0
198366,1
151392,1
166239,1
43498,1
186429,0
174424,1
57704,0
92004,1
156675,1
65827,1
197145,0
16547,1
24592,0
173799,0
123869,1
210332,1
98730,1
134831,1
54015,0
54614,0
134010,1
188536,1
125921,0
131391,0
103347,1
197172,1
191688,1
85786,0
206715,0
132175,1
188139,1
28780,1
202666,0
86295,0
24239,1
167290,0
73008,1
125022,0
199530,1
33267,1
78463,1
66719,1
72522,1
135561,0
127494,1
141973,1
32276,0
85773,1
146413,0
176739,1
14488,0
160963,0
65330,1
175482,1
50817,0
169833,0
56046,0
137565,1
49322,1
120775,1
19840,0
203201,0
10555,1
19309,1
9645,0
68314,1
200830,1
166081,1
136769,1
108007,0
118702,1
166219,0
68874,0
204212,0
22035,0
9535,0
154369,1
191243,1
127697,0
165842,1
130761,0
48973,1
185853,0
198572,1
20781,0
21896,0
94563,1
133643,1
178810,1
23320,0
126346,1
109563,0
22412,0
103655,1
195995,0
92086,1
116732,0
76329,0
110392,1
206608,1
161127,1
24736,0
81105,0
103942,1
95208,0
183690,0
128048,1
57389,0
117516,0
134632,0
86981,1
33460,0
43841,0
23769,0
133512,0
3542,1
134173,1
11916,1
174222,0
164642,0
192225,0
154463,1
189134,0
101372,0
146014,0
1714,0
93445,1
40042,1
204685,0
147239,1
200521,1
94933,0
182036,1
184140,0
149484,1
162331,1
52337,1
54884,0
110826,1
28199,1
136837,0
207663,0
14704,1
19186,0
141371,0
6419,1
16250,0
92505,1
100767,1
77683,0
211064,0
113300,0
169099,1
17321,1
37329,0
179319,1
104368,0
190794,0
62753,1
188692,1
51125,0
104532,0
162516,0
89148,0
210344,1
88745,1
117946,0
151857,1
170001,0
42979,1
145315,0
138321,0
46795,0
28849,1
41683,1
123380,0
118200,1
57173,0
205389,1
196450,0
176067,0
21568,0
108178,1
102608,1
98625,1
171524,1
37513,0
23549,1
154976,1
2564,0
127694,0
136927,1
147003,0
125586,0
189539,1
107955,1
96167,0
203814,1
59509,1
148465,0
206006,1
158205,1
201834,0
190783,0
96301,1
17620,0
90435,0
145560,0
80975,0
106480,0
85248,1
55592,1
154202,1
19387,0
6676,0
195531,1
172435,0
181849,0
190235,0
29452,1
113099,0
192388,1
155482,1
209214,1
101544,0
200340,0
162613,1
189797,1
6201,0
142573,0
74400,0
162385,0
95592,1
77821,1
53384,0
203591,0
166165,0
152540,0
22853,0
23861,0
148531,1
167491,0
142013,1
172850,1
29075,1
90989,0
105067,0
18290,1
99127,0
46461,0
52502,0
63206,0
6852,0
30702,1
14995,1
130426,0
150407,1
80408,0
13108,1
197736,0
157311,0
161481,0
54364,1
127133,0
20233,1
156177,0
59658,0
131842,1
128025,0
140795,1
55264,1
145265,0
184254,0
87293,0
137868,0
173544,1
6187,0
98039,1
158841,1
28736,1
55868,0
122808,0
191764,1
140745,0
84289,0
173160,1
203204,1
17372,1
10753,0
87000,0
111647,0
150086,1
157176,1
49599,1
152575,0
75905,0
146353,0
137986,1
148507,1
186789,0
5447,0
209500,1
43499,0
31926,0
155107,0
167551,0
153882,0
109593,1
21044,1
176610,1
117881,0
129605,1
66488,1
118149,1
39472,1
181067,0
172391,0
18040,1
1365,1
109375,0
130279,1
146508,0
163748,1
211750,0
142376,1
192482,0
168839,0
162259,0
173230,1
198491,0
194511,0
196289,0
137280,1
55653,1
115801,1
28953,0
104853,1
205948,1
200951,1
63421,1
3925,1
99845,0
39828,1
186872,0
209243,0
156080,1
55281,1
164421,1
38569,1
117484,0
30826,0
178465,0
189387,0
49360,1
65054,0
111004,0
76477,0
170244,1
14501,1
10271,1
111695,1
41800,0
175538,0
21297,0
151567,0
132871,1
132450,0
21940,1
96999,0
124185,0
120791,1
124138,1
190,1
49075,1
39921,0
2153,0
41763,1
87360,1
31564,0
34082,0
82105,0
97972,0
44372,1
186046,1
119689,0
196527,1
121696,0
94422,1
110406,0
944,0
85247,1
52561,1
96010,0
21274,1
105756,0
8017,0
162715,0
81836,1
14015,1
192019,1
161091,1
192727,0
169678,1
161874,0
189537,1
29614,0
17953,1
144167,1
6735,0
80627,0
164724,1
188526,1
58988,1
142558,0
4413,1
134785,0
40010,0
126110,0
155797,1
155457,1
194163,1
23882,1
71492,0
64291,1
188606,1
28010,0
93764,1
157015,1
210866,1
35078,0
167790,1
135939,0
52368,1
14268,1
17426,1
2590,0
59051,0
105708,1
130412,1
104328,0
19063,0
52301,0
3608,1
146416,0
171178,0
45400,1
85747,1
74761,1
46736,0
35296,1
135030,0
94108,0
26895,0
36644,0
106092,1
177379,0
32206,1
202032,0
185681,0
198075,1
208359,1
136382,1
114434,0
185759,0
150596,1
114706,0
25534,0
55782,1
196891,1
205632,0
107448,0
175496,1
126911,1
142697,1
141174,0
171312,1
9940,1
140493,0
49383,1
163775,1
17123,1
50982,1
192569,0
116915,1
109864,1
68111,1
26676,0
182554,0
207154,0
143582,1
208243,1
54685,1
12185,0
106230,1
34379,0
89975,1
163992,0
88903,0
184174,0
20083,0
193119,1
207853,1
159118,0
169751,0
166853,1
86667,1
55367,0
82921,0
88633,1
55991,1
169626,1
22458,1
42712,0
149225,1
48477,0
70931,0
210419,1
164569,1
177608,0
70475,0
190114,0
140261,1
150800,1
62928,0
71360,1
70902,1
10130,1
7678,0
9266,1
16875,1
195425,1
52721,0
164555,1
70283,0
18621,1
92568,0
128,1
71977,0
8974,1
87949,0
11792,1
162887,0
211124,0
70523,1
90847,0
201494,0
110508,0
109823,1
143531,0
100472,0
53982,1
98227,0
70104,0
168247,0
41560,1
124639,0
147867,1
163625,1
175798,1
10572,1
137875,1
11692,1
186285,0
133205,0
95126,0
39736,1
40977,1
7515,1
49243,1
183382,0
135343,0
137796,0
152261,1
180974,1
113825,0
56889,0
20075,1
141474,1
90712,0
180844,1
20678,1
35435,0
19811,1
108450,0
175849,1
21110,1
136079,1
92915,1
191214,1
126269,1
196457,1
170799,0
162258,1
156529,1
37226,0
13192,1
197783,0
187648,0
31418,0
96201,1
168204,1
50287,1
53249,1
173394,1
164824,1
40440,0
698,1
67071,1
5850,0
8350,1
112449,0
172557,1
168160,0
96839,1
159530,1
142904,0
115153,1
73250,1
209168,0
59485,0
112035,1
76137,1
79130,0
101187,0
89990,1
32073,0
181865,0
148420,0
12678,0
14527,0
193353,1
57926,1
67697,0
76566,1
84642,1
101966,0
204187,1
101403,0
202678,1
29455,0
62546,0
11731,0
129256,1
27223,0
188311,1
175493,1
32361,1
204247,1
181174,1
48322,0
110688,0
12474,1
125951,1
30970,0
155739,0
75167,0
174888,0
89941,1
185899,0
153146,1
105227,0
203297,0
170427,0
101716,0
119897,0
188688,1
68406,1
87118,1
41570,0
196157,1
166854,0
161714,1
145059,1
161300,0
82943,1
116076,1
131000,1
177259,0
145616,0
18317,1
122985,0
3003,1
105525,1
77546,0
165659,1
19100,0
24359,0
81595,0
87098,0
176430,1
51460,0
159015,0
133354,0
211082,0
51134,0
171019,0
45751,1
89515,0
49128,0
198286,1
200778,0
19813,0
62998,0
146793,1
12496,0
152796,1
32570,1
76751,0
139852,1
46081,0
70179,1
209891,0
35623,1
200427,0
49345,0
56443,1
166548,0
104810,1
108094,1
199514,1
64622,0
16729,0
162782,1
88963,0
61151,0
55740,0
132316,0
4349,1
79792,1
62628,1
135184,0
25341,0
144207,1
163742,1
114260,1
18582,0
148263,0
10866,0
109499,1
13400,0
200927,1
208475,0
73592,0
118834,1
110741,1
206116,1
177243,1
42817,0
158522,1
147687,0
73513,1
2087,1
15725,0
167801,0
146694,1
184735,0
127805,0
143859,0
141671,1
85270,0
87972,0
77432,1
114511,1
9785,0
78535,0
188584,1
184597,1
88477,1
104402,1
175011,1
75199,0
3889,0
26795,1
4478,1
127954,0
170024,1
210859,1
4118,1
175683,0
105282,1
72185,0
54810,1
207271,1
149064,1
169804,1
138208,0
7402,1
97486,0
46248,1
6608,0
86809,0
87701,0
60902,0
183914,0
100979,0
79279,0
128888,0
163859,0
108951,1
203211,1
26195,0
145197,1
194816,1
54939,0
184566,1
207468,0
158936,1
173210,1
193463,0
150869,0
88606,0
190796,1
52466,0
9706,1
42773,1
91627,1
203697,1
124775,1
191985,1
135816,1
193395,1
72028,0
77418,0
169824,1
166435,0
126901,1
166344,1
1841,1
61442,0
14027,0
104006,1
144398,0
133793,1
184294,1
200283,1
94143,0
123427,0
56446,0
171928,0
128449,0
159953,0
207225,1
18824,1
118073,0
70736,1
94293,0
69050,1
87248,1
42162,1
96160,0
167782,0
27172,1
204867,1
75974,1
72505,1
110000,1
179145,1
200898,0
4038,0
4514,1
21052,0
17627,1
64877,0
200646,1
183969,1
55309,0
74260,1
14688,1
143321,0
11247,0
135082,0
95997,0
169760,1
38366,0
36429,0
188404,0
13541,1
200800,1
211768,1
126013,1
5093,1
173865,1
166560,0
35408,0
112271,1
7846,0
1280,1
117386,1
95210,0
90416,0
136129,0
89988,0
206709,1
41332,0
15319,1
155676,0
100382,0
4651,0
891,0
187883,0
186618,0
29052,0
17860,1
6951,0
136795,0
185381,1
41318,1
96322,0
134894,0
137082,0
34244,0
16257,1
168554,1
38203,0
6380,0
11750,0
18895,0
8168,0
179553,1
23018,0
125814,1
170962,0
119730,0
69849,0
41176,0
26966,0
40610,0
184655,0
186460,1
24155,0
32365,1
128244,1
111379,1
205982,1
102269,0
132304,1
142388,1
83743,0
38814,0
197062,1
17352,0
20934,0
32582,1
142204,0
106287,1
119866,1
170435,0
159922,1
12737,1
31882,1
52033,0
112131,1
150384,1
52564,1
57846,1
135701,0
44780,0
156872,0
63419,0
138603,0
117851,1
155054,1
180871,1
116153,1
170495,1
140007,0
31274,0
60223,1
88497,0
51084,0
22462,0
49258,0
60322,0
3222,1
209323,0
97192,0
76739,0
16184,1
54223,0
150228,1
60440,1
35478,1
187994,1
91529,1
103096,1
107903,1
134446,1
185037,0
168155,1
103389,0
159693,0
172375,0
42857,1
38602,0
71865,1
132296,0
37790,1
19944,0
154615,1
119783,1
1041,0
67138,1
100567,1
107888,1
133152,1
177848,1
162982,1
148682,0
6872,0
178876,0
133356,1
45937,0
132314,1
192316,0
57749,1
189808,0
43834,1
46273,1
37539,1
135531,0
10682,1
135332,0
177813,0
67931,0
91518,0
200160,0
15863,0
64336,1
117775,1
164334,0
118503,0
11205,0
83003,0
133488,1
144165,1
146779,1
69275,0
108573,0
59183,1
56663,0
103571,0
94608,1
32876,1
184674,1
8648,1
147030,0
128017,1
207263,1
107791,0
110480,0
9887,0
207656,0
79746,1
41198,1
127771,0
117473,0
138548,0
42391,0
167396,1
36512,0
8747,0
72349,0
76488,0
25554,0
94765,0
43331,0
115559,1
107277,1
82924,0
198229,1
192502,1
200393,0
95521,1
71159,1
204851,0
147909,1
147312,1
192159,0
19397,1
31620,1
105019,0
192959,0
93443,0
140562,0
74275,0
14062,1
112607,0
23297,1
177430,0
197446,1
199184,0
134249,0
202794,1
203000,0
114166,0
200650,1
136434,1
45313,1
46253,0
63452,0
51072,0
210646,0
127948,1
64195,1
163147,0
129147,0
99522,0
9030,1
188706,0
98449,0
137799,0
40780,1
179308,1
188373,1
156572,0
176555,1
185772,0
185120,1
180654,0
181547,0
97178,0
99396,1
125339,1
106449,1
48809,0
72919,0
142838,0
84713,0
26289,1
42614,0
113778,0
34201,1
147364,1
57204,1
165926,1
135236,1
206053,0
40149,0
200267,0
162054,0
178469,0
209664,0
45627,0
113335,1
150641,0
118848,0
181955,0
53377,1
46484,1
160470,0
198955,0
38624,1
80079,0
116578,0
23600,0
194651,1
131681,1
209488,1
120925,0
138351,0
165611,1
26614,0
13087,1
110409,0
172713,0
173398,0
34369,0
102270,0
157007,0
100402,1
70733,0
104312,1
64616,0
117834,0
19386,0
195885,0
96099,0
94829,0
30925,1
110088,1
196410,0
18338,1
108506,0
85100,0
147210,0
118982,1
95155,0
200505,1
104770,1
32223,0
82794,1
22435,0
129833,0
79762,1
7481,0
168652,0
78154,0
194613,1
82851,0
205794,0
200687,1
80957,1
116480,1
48486,0
35447,1
189686,0
75709,0
161760,0
85062,0
81497,1
62702,1
117538,0
92673,0
159316,0
79731,1
90971,1
75355,1
123366,0
45441,0
21586,0
39625,1
186105,0
17819,1
3551,1
70992,0
60449,0
27283,0
198463,1
106126,0
146384,0
87672,1
106975,0
176158,0
113132,1
31964,0
186525,1
103897,0
149392,1
34344,1
82369,0
87320,0
193935,0
117673,1
96207,1
160306,0
207144,1
211058,1
7443,0
175698,1
60805,0
74727,0
79944,0
39296,0
89197,1
168241,0
163790,0
86668,1
23344,0
79291,0
42764,1
57305,1
73258,1
40891,1
190902,0
23888,1
61299,0
32620,0
202829,0
1971,0
47420,0
121090,0
15888,1
52833,1
104533,0
79594,0
33754,0
186283,1
161985,0
153247,1
21089,0
201555,0
113343,0
14142,0
138094,1
14276,1
179766,0
195832,0
46607,0
141302,1
34041,1
68881,0
202191,0
29188,0
64370,1
844,0
115599,0
85227,0
34122,1
44221,1
148898,0
139795,0
145781,0
49534,1
156356,1
160398,1
157894,0
65539,0
203857,0
67131,1
3292,1
144835,1
38351,1
6901,1
103208,1
141220,1
170649,0
27309,1
72544,1
23835,0
103535,1
116834,1
38339,1
41801,0
167723,1
43809,1
11571,1
103408,1
8219,0
53521,0
111621,1
151577,0
127703,0
108151,0
161849,0
32972,1
99768,1
203913,1
11555,1
166743,1
43858,0
192663,0
165669,0
90792,0
110059,0
24582,1
169004,1
79922,0
104656,1
37587,0
115301,1
154044,1
191585,0
188836,0
148364,0
33904,0
98870,1
148228,0
18318,0
31963,0
157335,0
202406,0
175854,0
170534,0
158315,0
57763,0
19228,1
34555,0
44004,1
99507,0
49924,0
206464,0
106628,0
205740,0
16860,1
104521,1
68889,1
32959,1
140020,1
209738,0
48335,1
187198,0
61125,1
109387,0
175779,1
35545,0
65435,1
194088,1
142215,0
74056,1
188069,1
136643,1
204502,0
152710,1
5758,0
134761,1
194706,1
126597,0
26527,1
114993,0
58952,1
157721,0
154965,0
149295,1
72785,0
112305,0
76439,1
89368,1
176117,1
148176,0
50620,0
94025,0
97817,0
38840,1
160089,0
63130,1
170053,1
87208,0
197298,0
211298,0
13368,1
18823,1
182262,1
181051,0
72541,1
150634,1
141817,1
53905,1
6745,0
133726,0
94791,0
8731,0
116069,1
205381,1
152457,0
103404,1
64632,1
209110,0
147667,1
63270,1
189834,1
104675,1
210300,1
63484,1
108354,1
196279,1
62739,1
174549,1
183296,0
40463,0
200012,0
129712,0
206558,1
159453,1
176914,0
78665,1
146020,0
126570,1
114612,0
22906,1
120593,0
27686,0
64259,0
75071,0
22915,1
167393,0
37983,0
153913,0
141684,1
199991,0
123173,1
52018,0
28672,0
135387,0
86711,1
81830,0
122453,0
181214,1
90575,0
181386,0
102815,1
131890,1
83052,0
202594,1
123280,0
172006,0
92020,1
196369,0
187225,0
100459,0
134099,0
126217,1
50075,0
84014,1
101422,1
146665,0
61739,1
16922,1
171697,0
134331,0
132295,1
84377,0
182502,0
112846,0
156915,0
132482,1
189308,0
42179,0
23103,0
86591,0
179357,0
73121,0
45483,1
109204,1
4025,1
122757,1
127844,0
19636,1
139713,1
87663,1
134631,0
143380,0
173400,1
149758,0
24093,1
34240,0
208261,1
36317,1
38372,1
137827,1
35216,0
77820,1
165936,1
68150,1
197268,1
198289,0
138971,0
132456,1
191153,0
197745,1
110951,1
17324,0
84316,0
40187,1
117708,0
61477,0
142666,1
21878,1
164886,0
88971,1
133629,1
82579,0
177902,0
82144,0
96103,1
163488,0
117711,0
126636,0
32862,0
78635,0
45446,1
134354,0
64145,0
72752,0
62385,0
16102,0
144121,0
69363,1
43709,1
27640,1
49117,0
6061,1
27313,0
79816,1
70945,0
24822,0
74140,0
35175,0
49563,1
181948,0
2260,0
28059,0
82895,1
79080,1
19515,0
133678,1
74047,1
24337,1
194913,1
12882,0
66398,0
90942,0
163473,1
44135,0
100638,0
196980,0
191817,1
106290,1
117193,0
180609,0
26604,0
58807,1
14279,0
130226,1
32340,0
162947,0
29954,0
202111,0
186963,0
86167,0
101200,1
155943,1
189709,0
175264,1
141023,1
123030,1
169732,1
75418,1
34818,0
126601,1
133532,1
76990,1
37666,1
91981,1
98020,1
84336,1
14698,0
119182,0
186043,1
103402,0
206077,0
98438,0
155165,1
89077,0
92997,0
23898,1
73800,0
127758,0
199837,1
71127,1
51218,0
67360,1
80298,0
191974,1
36094,1
107808,0
50912,0
36582,0
54716,0
59019,1
211957,1
62299,1
46381,0
109149,1
36377,1
114958,0
184784,0
153641,0
3955,0
195340,0
49380,1
147735,0
124544,1
122295,0
132793,0
51447,1
135960,0
127899,1
179479,0
130472,1
18274,1
153547,1
139891,1
38764,1
6596,0
22920,0
2116,0
103771,1
3959,0
125687,0
89580,1
207716,1
127611,1
1626,1
27647,0
81168,1
209203,0
120810,1
168883,1
23525,1
174427,1
81807,0
177072,1
4475,1
120771,1
182461,1
124012,0
37038,0
201890,0
159583,1
161716,1
34973,0
111386,0
207310,0
193605,0
26228,0
200113,0
17325,1
190868,1
171275,1
146491,1
134756,0
46246,1
92918,1
175289,1
55181,0
196963,0
156950,0
90595,0
141318,0
3438,0
180987,1
149072,1
193594,1
3,1
126884,0
3463,0
181485,1
48731,1
117772,1
78587,0
98263,1
45256,0
92199,1
117988,0
52346,1
84615,1
58792,1
76344,1
52745,0
117498,1
24419,0
68477,1
109782,1
148220,0
211017,1
153812,0
41989,1
16820,1
140153,0
166348,1
111497,0
132527,1
100944,0
153510,1
59504,1
6054,0
34378,1
56049,0
154821,0
128976,0
21235,0
121970,0
4684,1
18297,0
85736,0
29014,1
107980,1
184536,1
176473,1
206603,0
85599,0
87315,1
27081,0
156848,0
105376,1
207229,0
28215,1
2655,0
150762,1
119211,1
43329,0
100751,0
127228,1
124009,1
118469,1
120242,1
74109,0
123027,0
124831,1
69931,1
30371,0
30389,0
71860,1
120424,1
124708,1
89398,1
41477,1
93002,1
143936,0
8880,0
179759,0
60814,0
105524,1
140922,0
155767,1
27991,0
41306,1
123055,1
144987,1
66113,1
140504,0
89235,0
40188,0
83584,1
168522,0
202802,0
41426,1
16117,1
22120,0
83868,1
95243,0
193872,1
203197,1
192246,1
142686,0
88439,1
126022,1
137343,0
189715,0
116598,0
169552,1
30297,1
203089,1
68575,0
39613,0
74194,1
34533,1
16409,0
68859,0
206052,1
14801,0
177807,1
205470,1
189594,0
60562,0
148322,0
208717,0
109785,1
8400,0
23800,1
43245,1
16647,0
19530,1
191310,1
134921,1
89439,0
27808,0
170092,0
100753,0
21206,1
154182,0
128703,0
13316,0
82770,1
204141,0
203359,0
7689,0
48352,0
202216,1
157366,0
109724,1
185790,1
151047,0
195130,1
90279,0
78738,1
161526,0
31444,1
26731,1
155228,0
178589,0
110223,0
47796,0
87134,1
74280,1
98144,0
79470,1
120048,0
5513,1
92272,1
203312,0
29484,1
177685,0
211085,1
2344,1
79127,0
38653,1
192620,0
67943,0
126878,1
173126,0
83929,1
29158,1
92553,1
9192,1
69832,0
108433,1
98383,1
133327,1
159247,0
25965,0
11176,1
148808,0
102987,0
189668,1
1521,1
89544,1
128388,0
191413,0
190219,0
39959,1
178384,1
139230,0
186275,1
159230,0
1276,1
113949,0
15777,1
105243,1
110155,0
16252,1
153854,1
93433,0
15615,0
27614,1
189718,1
47821,0
150978,0
81101,0
20732,0
171421,0
178395,0
44686,1
191870,0
29786,0
7082,1
13516,0
21824,0
62500,0
70873,1
119342,1
52120,0
31241,1
63005,0
24849,1
195000,1
91578,1
159204,0
115179,0
193349,0
200407,0
135287,1
145964,1
52848,0
83292,0
85494,1
128375,0
197291,1
78836,0
126518,0
125074,1
51178,0
58559,0
80144,0
71634,0
147297,0
122674,1
87304,0
208802,0
14138,0
119418,0
9221,1
108591,0
186781,0
172261,1
149214,0
76268,1
89522,1
16458,1
24371,0
163298,1
200170,1
94274,1
194042,1
110683,0
211011,1
67227,0
96572,1
126408,0
113282,1
111416,1
13872,1
114115,1
45289,1
121538,0
121938,1
10061,1
141850,1
106977,0
77734,1
16512,0
132500,0
26434,0
60136,0
14845,0
192649,1
41213,0
49321,0
71885,0
20654,0
92398,0
136688,0
195152,0
201419,0
144289,1
122767,0
47347,0
92769,1
204776,1
111244,1
73988,0
201603,0
197543,0
33615,0
79591,1
167595,1
184937,0
171525,1
3569,0
81661,0
189753,0
179347,0
6527,0
47282,1
136539,0
49196,1
130221,0
38453,1
138239,1
131341,1
73242,0
188419,0
211478,1
6995,0
144448,1
186121,0
110587,1
66030,0
1469,0
51889,1
136786,1
182308,0
40079,0
57805,1
118037,0
8989,1
157516,0
19505,1
24221,1
138919,1
2077,0
175376,0
9340,0
184098,0
145454,1
90301,1
63104,1
107916,1
50204,1
36017,0
211542,1
133245,0
122747,0
24084,1
126547,1
203456,1
120039,0
99260,1
188707,1
51519,0
101831,0
99545,0
81560,0
12280,1
172446,0
6394,0
66755,0
102533,0
173188,1
113805,0
174931,0
26360,0
137094,1
12476,1
109184,0
9858,1
35921,0
207997,1
126276,1
20897,1
111308,0
106690,1
91409,0
30178,0
65571,1
73067,0
97066,1
190922,0
161076,1
205570,0
133593,1
71821,1
15767,1
165392,0
189140,1
71266,0
119758,0
120885,0
71752,1
127168,0
67000,0
128392,0
172680,0
177264,1
1928,0
163191,0
4261,0
180490,0
88537,1
161968,1
108950,0
53987,1
96083,0
137555,1
69315,0
142520,1
172949,1
18488,0
160551,1
122598,0
86124,1
210204,0
33318,1
22798,0
22869,0
115568,0
160155,1
187570,1
194282,0
143292,1
91607,1
199076,0
12083,1
135456,1
126781,0
119634,1
154129,0
153932,0
38789,1
2926,0
13023,1
205027,1
18748,1
183678,0
126620,1
185936,0
22589,0
83314,1
51816,1
175129,1
127075,1
176081,0
169111,1
207634,1
78186,1
155971,1
3308,0
105292,1
209091,0
95176,0
49306,1
96727,1
60484,1
178516,0
45600,0
182692,1
30921,0
89013,1
35804,0
92805,0
156156,1
129408,1
128407,0
112750,0
69412,1
157170,1
73741,0
11022,0
50655,1
193184,1
157053,1
19829,1
88256,1
166323,1
162210,0
117604,0
87896,1
156329,1
165426,1
149920,1
78763,0
146169,0
31621,1
164751,1
92678,1
31449,1
191996,0
9170,0
201594,1
136234,0
8052,0
59711,0
5171,0
22703,1
208414,1
176220,0
84988,1
19780,0
108699,1
76944,1
71776,1
37753,0
95703,1
69660,0
118689,0
116399,0
16562,0
206406,1
200664,0
19938,1
12458,0
183861,0
202331,1
171600,1
139990,1
155911,0
206626,0
145211,0
137413,0
71855,1
30116,0
93112,1
147304,0
78351,0
95416,1
153208,1
179824,1
141171,1
93779,1
7158,0
180709,1
73129,0
154445,0
132965,1
197702,1
173808,1
1200,0
104309,0
43158,0
141964,1
94450,0
68503,1
104041,0
122711,1
180850,1
93465,0
48939,0
129127,1
52764,1
159972,0
208450,0
107565,1
193615,0
164973,1
135847,1
43303,1
18772,0
89557,1
35854,1
195837,0
184320,0
77763,0
79965,1
146454,1
150983,0
73015,0
123578,1
150958,0
21511,0
38859,0
24462,0
47750,1
69307,0
100036,1
42686,0
98525,0
149507,0
92443,1
119741,0
100236,1
143943,1
150448,1
85188,0
169550,1
208672,1
177232,1
136318,1
79575,1
103501,0
57799,0
172888,0
92615,0
65846,0
30727,1
122055,0
163180,1
5023,1
26880,0
177645,1
15698,1
187830,1
107970,0
111547,1
147287,0
38464,1
43101,1
176244,0
186007,1
100711,1
155185,0
153564,0
146557,0
176881,1
31153,1
62755,1
11031,1
147630,0
81204,0
36686,1
67945,1
159945,0
174955,1
104619,1
78968,1
54796,0
38235,1
194693,1
30517,0
73609,0
15086,1
201568,1
94145,0
5188,0
49818,0
7159,0
130435,0
134870,0
157966,1
136140,1
195688,0
202414,1
123675,1
182901,1
60942,1
122476,0
162909,1
135028,0
94407,0
110702,0
188474,1
44254,1
51674,0
150281,0
165896,0
146432,1
99823,0
202656,0
131854,1
181737,1
102005,0
17556,1
76541,0
211766,1
133332,1
126318,0
73134,0
18874,1
175872,0
201616,1
55548,0
15882,0
11486,1
127148,0
90964,1
100770,1
106226,0
153126,0
17623,0
68560,0
78344,1
120679,1
200132,1
94992,1
91127,0
78984,0
203577,0
118228,0
178317,0
150135,0
179901,1
163674,1
162951,0
121710,1
185990,0
200533,1
121665,1
153329,0
189407,1
86253,0
109571,1
99132,0
200480,0
202788,1
27805,0
557,0
130391,1
24985,0
43362,0
75723,0
125163,0
21456,0
201147,0
182285,1
115432,1
29079,0
176381,1
30289,0
70761,1
58211,0
161,1
81213,0
108430,1
181015,1
74741,0
172671,1
29979,1
174392,1
207952,1
33781,0
79632,0
189619,1
40002,1
132277,1
80131,0
180574,1
97574,0
206764,1
187128,1
204388,0
153958,0
179857,1
149501,0
87732,1
128061,1
75445,1
132347,0
210259,1
185529,0
25318,1
44830,0
93190,1
44979,1
75697,0
124086,0
57860,0
175663,1
185314,1
32472,0
135261,1
74932,1
176904,0
17225,1
142114,0
16558,0
177648,0
61213,1
22916,0
126189,0
33199,0
91137,0
143753,0
196249,1
171292,1
3969,0
92040,0
42804,0
156989,1
179868,1
65401,1
142531,0
155322,1
181969,1
54299,0
118821,0
140939,1
202736,0
63103,0
197387,0
149033,0
12691,1
20940,1
97965,1
173143,0
63446,1
158651,1
16439,0
190166,1
61256,0
82745,0
180734,0
33217,0
178949,1
151451,1
88183,1
97306,1
181128,0
66039,1
203085,1
175198,1
102856,0
55032,0
164495,0
8703,1
22206,1
180053,1
165304,1
112045,1
51869,1
118481,1
37040,1
55564,0
11705,0
124302,1
52644,0
85888,1
27007,0
127300,0
137657,1
130319,0
169896,1
165265,1
110364,0
209919,0
16796,0
58648,1
51623,1
133097,0
15561,0
189553,0
22500,1
83204,1
102954,1
64899,1
56893,1
2997,1
128291,0
113636,0
132524,1
152202,0
38056,0
148417,0
125583,0
151175,1
107783,1
94496,0
83479,1
120349,1
195080,0
128572,0
139588,0
83060,1
45644,0
207806,1
46315,1
25921,0
158860,0
179123,0
117050,0
85717,0
55363,1
80508,0
77765,1
208924,0
95899,0
62432,0
815,0
193610,0
14726,1
134297,1
179662,0
129196,0
16017,0
70562,0
45055,0
176284,0
40502,1
127428,0
54682,1
203956,0
174592,0
117102,1
57119,0
129049,0
13488,0
131014,0
123222,0
189010,0
106133,1
142900,0
93679,1
59958,1
137941,1
99170,1
142438,1
177414,1
210986,1
202204,0
155881,1
68013,1
75778,0
112087,0
49974,0
142505,1
47611,1
169595,1
108317,1
103154,1
42121,1
162434,1
42434,1
35469,1
145601,1
148655,0
94869,0
68885,0
35096,0
36255,0
86553,0
63246,1
129745,1
180134,1
37660,1
69547,1
1619,1
120915,0
104563,0
157551,1
84502,1
175180,0
17060,0
136211,1
184815,1
166284,0
198523,1
106023,0
80324,1
67808,0
170696,1
123569,0
141352,1
105998,1
107052,1
8120,1
43287,0
169309,0
68594,0
5983,1
123361,0
85862,1
139856,0
151357,0
186922,1
105244,1
91385,0
71727,1
26988,0
200512,0
27990,1
39452,1
120348,0
16795,1
19256,1
35922,1
156265,1
86052,1
18923,0
149548,0
25202,1
114292,0
33813,0
91330,1
166270,0
176265,0
86524,1
129907,0
132517,1
209650,1
25268,1
167795,1
129031,1
110085,1
56300,1
181662,1
65127,0
40585,1
73974,0
171360,0
38854,0
183614,1
6694,1
178620,1
96290,0
167461,1
134548,1
140763,1
159462,1
136806,1
55878,0
121750,1
7993,1
45379,0
60367,1
203317,0
130157,1
50103,1
33454,1
42998,0
103024,1
142455,1
84620,1
45608,1
103461,0
190574,1
28860,0
111371,1
91415,0
201857,0
42616,1
79502,1
71067,1
118369,0
57272,1
83853,1
50834,1
155674,1
65210,1
97849,1
144689,1
70312,1
164887,1
104151,0
200390,1
83163,1
3963,0
6711,1
51484,0
87243,0
203914,0
113391,1
149220,0
18055,1
98543,0
158191,1
116057,0
120196,1
73193,1
81877,0
108576,1
187423,0
98454,0
105170,1
156190,0
209449,0
205624,0
22145,1
38571,0
68272,1
17099,0
163071,0
62788,1
206433,1
157064,1
58490,1
175840,0
119671,1
182787,1
165173,1
33624,1
99422,0
72566,1
126692,1
22516,0
35386,1
98661,0
21075,1
105399,0
81331,1
79410,0
77161,1
157113,1
139440,1
56860,1
65640,1
132634,1
52647,1
29478,1
113181,0
126335,0
17157,0
58637,1
85972,0
155780,0
118754,1
34949,1
29060,0
206430,0
36479,1
11120,0
71086,1
132332,1
110671,1
126175,0
166627,1
185159,0
113289,1
62837,0
169316,1
42189,1
68600,1
21293,1
20818,0
123802,0
56902,1
72608,1
140908,1
178272,0
54417,1
24473,1
157510,0
69055,0
102709,0
188919,1
98179,1
182663,1
210498,0
210823,0
38275,1
200299,1
206259,0
89949,1
38688,0
33758,1
49292,0
185571,1
97886,0
141469,1
62995,0
134401,0
71060,1
87124,1
123832,0
157691,1
200238,0
185151,1
117967,0
185873,1
41310,0
124276,1
57661,1
87708,1
105529,1
116435,1
83843,0
166426,0
198139,0
49173,1
198369,0
83321,0
73095,1
53589,1
117356,0
204430,1
54917,1
135129,0
13686,1
23468,1
61786,1
49815,1
143797,0
38343,0
76081,1
37603,0
139863,0
113566,0
946,0
176710,1
62433,0
94632,1
170942,0
148330,1
195144,1
13157,1
150720,0
126548,1
167323,1
163198,1
163892,0
182932,0
136658,0
139807,1
67930,0
97259,0
75449,1
114140,0
23490,0
46005,1
110794,0
133553,0
2589,1
183531,0
64742,0
96441,0
147066,1
1010,0
149261,0
128575,0
100213,0
104843,0
141394,0
122605,0
59226,1
28409,0
137380,1
85104,1
181410,0
61708,1
197534,1
3932,1
6028,0
143400,0
131266,0
188298,0
28521,0
165734,0
146680,1
210711,0
97890,1
38794,1
188137,0
155945,0
51287,1
48326,1
181886,0
13535,1
69856,1
85225,1
163719,0
11886,1
48808,0
176712,1
114674,1
102368,0
177115,0
31692,1
73805,0
52211,1
55919,0
5859,0
144523,1
120783,1
149775,0
106674,1
133383,0
114141,0
80344,0
181910,0
193373,0
5743,0
49225,0
74923,1
124656,1
30055,1
10395,0
38925,0
201519,1
22800,0
24452,0
208677,1
72906,0
90623,0
154230,0
62891,0
189111,1
113751,0
128293,1
80303,1
197096,1
89660,1
72815,1
162174,1
179573,0
156477,1
139691,0
164494,0
86241,1
130276,1
146614,0
207232,0
22203,0
41868,0
41543,0
119978,0
118968,0
139219,0
89251,1
72681,0
64913,1
194903,1
172852,1
30447,1
158963,1
166158,1
119339,1
175331,1
144784,0
158301,0
147147,0
176263,1
164002,0
21651,1
59264,0
70692,1
30244,0
162874,1
13975,1
20847,1
74913,1
49749,1
167156,0
49325,0
190619,1
28871,1
157450,1
36026,1
115665,1
55024,0
209828,1
150732,1
74372,1
53074,0
53811,1
113559,0
60302,1
205416,0
119238,0
105738,0
181397,0
8845,1
96533,1
53802,0
170681,1
80668,0
109862,0
18493,0
188356,1
172782,1
157599,1
39844,1
124924,0
96809,1
148114,0
147212,0
9671,0
167838,0
86565,0
156704,1
46568,0
104628,0
22244,1
122155,1
167742,1
51208,1
173918,0
40587,0
139614,0
30594,0
115265,1
137121,0
48309,1
201687,1
138515,1
116470,0
184898,0
44753,0
190111,1
11538,0
6162,0
48406,0
175649,1
104994,0
105395,1
8335,0
34011,1
181709,1
109554,1
141910,0
83200,0
159658,1
169500,1
86436,1
44181,0
90708,0
163131,0
107101,1
37915,1
148846,0
19410,1
163949,1
118562,0
26352,0
193408,1
167423,1
56879,1
124955,0
62689,0
23116,0
127062,0
162803,1
29384,1
185975,1
185270,0
147252,1
1230,1
59776,0
131413,0
197698,0
78656,0
10519,0
68633,1
5026,1
81711,1
99358,0
160147,1
154513,1
133876,0
190066,1
203115,1
69510,1
80046,1
124815,0
148298,1
173657,1
64901,0
193394,1
188956,0
55579,0
202492,0
182665,0
57020,1
181962,1
4963,0
69835,0
109692,1
190375,1
11755,1
111544,1
136202,1
80770,1
50625,0
159407,0
53306,1
135071,1
159871,0
160055,1
120317,1
121075,1
135482,1
129261,0
182478,1
99861,1
2331,0
169015,0
75567,0
14640,1
27236,0
75248,1
183756,1
120947,0
126309,1
71265,0
64952,1
81504,0
28888,1
146502,0
29701,1
194867,0
101149,0
53083,1
66199,0
50954,0
176870,1
24966,1
159851,1
131196,1
201700,1
93937,1
102301,1
144866,1
209769,0
122050,1
158599,1
112264,0
29845,1
99946,0
15717,1
103042,1
91865,1
42765,1
154955,0
110799,0
53470,1
168506,0
27279,1
176098,0
165005,0
59437,1
147627,1
72769,1
21770,1
149230,0
207753,1
178858,1
154304,0
116776,0
58726,1
15020,0
24166,1
106562,0
162924,0
63159,0
89931,0
82568,1
149658,0
158516,1
92343,1
152983,1
144122,1
153870,0
185538,1
110303,0
71646,0
84705,0
180430,1
157996,0
210121,1
69924,0
112442,0
15995,0
83516,0
50319,0
126751,1
180057,0
210148,1
211939,0
111040,1
192718,1
61891,0
21701,0
58962,1
56339,0
175380,0
137738,1
209191,0
122871,1
22690,1
45194,1
178312,0
196330,1
189727,0
48590,0
187272,0
192347,1
207580,1
119051,0
203607,0
140533,0
43784,1
110686,1
178545,1
102562,1
47978,1
129931,0
9444,1
62133,1
182061,1
162122,1
122949,1
96015,0
146846,0
74308,1
75461,1
76327,1
52330,1
194526,0
35866,1
186908,1
70769,1
101802,1
105763,0
99052,0
109857,0
1712,0
209578,1
65580,0
37186,1
14895,0
189175,0
119701,0
3175,0
127894,0
52536,1
146410,1
202893,0
164671,1
155942,0
65769,1
188703,0
94622,1
159977,1
2213,1
179926,1
24643,0
166691,0
88771,0
102890,0
121464,1
29304,0
183206,0
145068,0
11735,1
102279,0
24491,0
87640,1
157917,1
24899,1
35994,0
60144,1
119106,1
129522,0
179522,0
21483,1
130086,1
208735,1
6507,0
104653,0
94513,0
75201,1
82935,0
99579,1
157955,1
133240,0
121325,1
9930,0
54119,0
85080,1
66323,1
10262,1
120010,1
117321,0
195448,1
48595,1
57974,1
42605,1
39157,1
8915,1
149497,0
187432,1
142152,1
9742,0
153802,0
47640,0
133235,1
190058,1
40037,1
97084,0
47466,1
22826,0
21273,0
7651,0
74225,1
53023,1
146927,1
153243,0
139474,0
140926,0
115779,0
148674,0
95292,0
142380,0
135832,1
125520,0
47150,0
116966,0
168296,1
129754,1
36097,1
32249,0
153268,1
205589,1
193954,0
110036,1
4298,1
175949,1
158095,0
191398,0
143610,0
208963,1
119883,1
38657,0
199651,1
126460,0
121076,0
6165,1
53816,1
102489,0
79047,0
47431,1
101617,0
6618,1
176138,0
53339,1
207684,1
15288,0
171714,0
63804,1
82681,1
188377,0
55875,0
9189,0
145286,0
73157,0
28943,0
113584,0
148746,1
7735,0
48583,0
80157,0
144067,1
184740,0
113072,0
194698,0
160968,1
143512,1
92778,1
110703,1
84883,0
86378,0
162707,0
54992,0
19265,1
191012,0
74248,1
119543,1
85015,0
78759,1
25049,1
113143,1
168217,0
2910,0
160576,1
47516,1
2140,0
207884,1
148398,1
15468,0
72960,1
66035,0
25056,0
158536,1
152436,0
31976,1
62539,1
207172,0
144243,1
179110,0
46002,0
157325,0
154779,0
64317,0
23106,1
205127,1
94658,0
1178,0
80930,0
3445,0
201417,0
165357,1
13845,1
46442,0
9490,0
37476,1
156024,0
48666,1
70017,0
175622,0
153746,1
186390,0
186217,1
197952,0
51448,0
19030,1
65815,1
123893,1
88598,0
67497,0
102756,0
51,1
193617,1
70273,1
129961,1
143886,1
5944,0
77952,1
139629,1
193002,0
92794,0
70972,0
56374,0
22228,0
50100,1
143038,1
87725,0
31937,1
188056,0
48058,0
146159,1
32619,1
89968,1
205013,1
102807,1
180874,0
157243,1
111043,0
108793,0
185247,1
97683,0
152986,0
145116,1
82286,1
193931,1
106189,0
150911,1
72818,0
131776,0
90496,1
176793,1
154728,0
111625,1
143887,1
80182,0
37750,1
115350,1
55577,0
83291,1
153863,1
158385,1
30439,1
85723,1
137532,1
77210,1
141238,0
115637,1
180034,1
176046,1
76633,0
142587,1
33202,1
96188,0
28856,0
117768,1
955,1
150674,0
52119,1
70077,0
60362,1
115723,0
115634,0
20025,1
15889,1
76531,1
11135,0
148020,1
192228,0
50772,1
103539,0
76221,0
193634,1
90114,1
98731,1
115220,0
47826,0
55163,0
205342,1
45144,1
111560,0
179704,1
76377,1
144679,0
191933,0
60234,1
69311,1
30600,0
43474,1
45393,0
85096,0
41874,1
42262,0
15058,0
180555,1
12864,0
6272,0
123857,0
58311,1
8838,0
191317,0
78370,0
202450,1
43819,0
15867,0
126865,1
49842,1
112953,0
65392,0
45827,0
180515,1
126771,0
158594,0
109874,1
14351,1
112031,0
95775,0
20574,1
137737,1
162830,0
176327,0
176544,1
207089,0
77817,1
72046,1
193149,1
69195,0
146041,1
149242,1
192875,0
44245,0
58374,1
177376,1
178302,1
132764,1
147050,0
117197,1
206957,0
36254,0
110219,1
78590,1
32871,1
73823,0
90598,1
49542,1
190959,0
111831,0
74164,0
30294,1
135279,1
38331,1
102205,0
37404,0
108795,0
148525,1
150327,0
96316,1
49978,1
204259,1
49827,1
74303,1
87181,1
12767,0
165861,0
206326,0
24192,1
102968,1
87209,1
169502,0
208770,1
145582,0
184333,0
97532,0
139065,1
37791,1
36958,0
42176,0
58475,1
165602,1
54995,0
209997,0
114204,1
59047,1
210488,0
116367,0
2856,0
210724,0
175111,1
154465,0
106884,0
58128,1
65535,0
22858,0
175945,1
63519,1
129865,0
135996,1
77233,1
50164,1
156505,1
198987,0
35145,0
163248,0
122703,1
109601,1
153423,1
118656,1
143602,0
187197,0
24475,1
58780,1
116287,0
145884,0
173043,1
130730,1
20317,0
69240,0
167845,1
12800,0
43783,0
23784,1
187720,1
113340,1
173432,0
16151,1
53460,1
84253,1
197521,0
175967,1
177876,0
9735,1
162839,1
158871,1
14929,1
77840,0
185201,1
67052,1
93049,0
102026,0
189919,0
89149,0
118685,0
22296,1
129498,0
11344,0
34216,1
165395,0
90424,0
120504,1
81918,0
96735,1
45588,1
6913,1
878,0
200975,1
114881,0
146630,1
202058,1
191220,0
111317,0
184751,0
119357,1
204503,1
103493,0
39335,1
115276,1
79884,0
105704,0
138504,0
38193,1
22271,1
17083,0
46649,1
55957,1
189790,0
28584,0
131865,0
118274,0
6175,1
161287,1
127754,0
184240,1
94045,0
26797,1
64655,0
86638,1
187444,0
129679,1
106863,1
44484,1
11833,1
1777,1
68547,0
105502,1
203461,1
106830,1
39985,1
47357,1
61340,0
137956,1
142372,1
119800,1
7317,1
103291,1
101412,0
27793,1
81806,0
211574,1
177208,1
36222,0
109642,0
202347,1
103666,0
194181,0
193733,1
150913,1
87004,1
112241,1
27661,1
128301,0
208702,1
193657,1
155387,1
179078,0
92946,1
177065,0
207341,0
168759,1
150565,1
185045,0
160889,1
91094,1
67114,1
209688,1
149621,0
75844,0
80789,0
86201,1
40681,0
84877,1
202246,1
9285,1
198856,0
155032,1
34845,1
155952,0
88264,1
132321,1
198905,1
114452,0
186960,0
148301,0
174486,0
186282,1
39745,0
57911,0
18768,0
102414,1
85283,1
23772,1
28349,1
116994,1
208232,0
30561,0
160426,0
40901,0
192943,1
886,1
28972,0
46431,0
43519,1
960,1
42658,1
40692,1
81471,0
99810,0
74558,0
2368,0
65144,1
147057,1
171557,1
143264,0
143988,1
19821,1
207335,0
192835,0
156681,1
8378,0
116383,1
15257,0
91763,1
179039,0
106349,1
9332,1
194862,0
26890,0
79111,1
21970,1
95872,0
26091,1
128907,1
152971,0
127147,0
131378,0
103454,0
55587,1
61149,0
106816,0
186945,0
38420,0
8289,1
68857,0
85204,1
53290,1
130772,1
184782,1
207650,1
76309,1
39997,1
193791,1
124126,1
205619,0
13010,0
183379,0
77533,1
97610,1
90150,1
29806,0
12121,0
198231,1
112935,1
112297,0
43683,1
4056,0
63319,0
100516,0
153940,1
116397,0
147242,0
44502,1
127995,1
161775,1
80852,0
55271,0
161313,1
137491,1
45252,1
127702,0
109461,1
5319,0
172280,1
164878,0
19131,1
15812,1
161311,1
105915,0
134447,1
3971,0
62243,0
201470,1
56416,1
19612,0
47341,1
3064,0
16149,1
140248,1
76058,1
198539,0
64561,0
139468,1
57303,1
34822,1
82647,1
116864,1
205863,0
153709,1
90467,1
101938,0
193762,0
130082,1
168364,1
125867,0
132224,1
146482,1
59219,1
3151,0
193415,0
40599,0
181844,0
4081,0
105,0
66484,1
149178,1
191375,0
1429,1
31680,1
132823,1
147384,1
97736,0
97301,1
211629,1
141758,0
36256,1
93310,0
93412,1
178394,1
108157,1
27378,1
198140,0
35089,0
187033,0
155728,1
85691,0
134059,0
29365,0
144976,1
97569,1
27387,0
187256,1
78140,0
51373,1
17601,0
127623,1
50726,1
33439,0
113881,1
209643,0
16563,0
45619,0
175984,1
177945,1
165497,1
112850,0
196217,0
106779,1
11294,1
78728,1
13642,0
47637,0
142240,1
22428,0
703,1
80546,0
44724,1
56214,1
169033,1
45247,1
171797,1
196813,1
93638,0
183902,1
2810,1
184479,1
92011,1
188087,1
193130,1
37224,0
195851,0
209341,1
29579,0
46710,0
170296,0
19014,1
24280,0
131552,1
147377,0
187645,1
158845,1
57081,1
144183,1
188589,1
210758,1
207145,0
88865,1
89630,1
21735,0
196152,0
11319,1
91511,1
138813,0
96658,1
86289,1
17892,0
37434,0
34559,0
6127,1
170676,1
130123,1
44452,1
88681,0
67748,0
168719,0
21478,0
40192,1
206890,0
13264,0
184986,0
43530,0
21482,1
88474,0
205183,1
111372,0
98634,1
54731,0
106715,0
101328,1
193778,1
189766,0
79145,1
93929,0
111632,0
48794,0
37663,0
84198,0
166408,0
77291,0
197231,1
190407,0
76916,0
85960,0
41188,1
106413,0
59834,1
64417,1
112792,0
38207,0
153596,0
198837,1
165323,1
3545,0
4431,0
52355,1
55908,1
103182,1
58936,1
106029,1
86617,1
112315,1
168404,1
165502,1
115435,0
70132,1
79418,0
191233,0
105467,0
58696,0
140168,0
120455,1
186870,0
172325,1
84282,1
133228,0
20725,1
150902,0
75390,0
139176,0
166439,1
114630,1
28612,1
119791,1
145815,1
125359,0
154855,1
65507,1
142772,1
62765,1
208747,0
18242,1
157922,0
131719,1
198374,1
74340,1
151298,0
125753,0
75971,1
82306,0
119041,0
125392,1
145380,1
191924,1
156636,1
7700,1
3236,0
101715,1
63852,1
186338,1
178261,0
47695,1
130342,1
106601,0
113345,1
28874,1
34631,1
11502,0
60941,0
130498,0
16327,1
135919,1
806,0
88966,0
45912,1
107268,0
15401,1
192636,1
118855,0
35695,1
152105,1
37721,1
147870,0
202034,0
79507,1
189942,1
88554,1
116206,1
150469,0
66427,0
67699,0
46471,1
23324,1
43421,1
12546,1
199345,1
95046,0
77727,1
265,0
130195,0
10763,0
57386,1
48251,0
86709,0
86923,0
35792,1
15012,0
115924,1
40935,1
40418,1
146594,0
41395,0
132931,0
195445,1
203270,1
195202,1
9567,1
183653,1
113740,1
140569,0
201406,1
53678,0
207203,0
48959,0
191493,0
156981,0
193653,0
45561,1
154413,1
192791,1
3101,0
21429,0
151425,0
141957,1
82974,1
131634,1
38265,0
104569,1
24056,0
50456,0
63634,0
135558,0
82465,0
3110,0
123424,0
99859,0
58970,1
80516,1
184410,1
15683,1
153760,0
199103,0
135766,1
72502,0
25857,0
172533,1
114940,0
39401,1
149495,0
184757,0
109337,0
147652,1
82026,1
97254,1
172034,1
197148,1
151985,1
2852,0
142412,1
204947,0
70180,0
39322,1
80283,0
107073,0
61831,1
156223,0
129000,0
191503,1
142682,1
14768,1
135479,1
29208,1
171945,1
38425,1
129373,0
162118,1
143271,1
122214,1
94137,0
194890,0
21064,0
184201,0
209798,1
97189,1
15185,1
100812,0
64117,0
190372,1
87958,1
63225,1
87218,0
46599,0
176987,1
46753,0
162503,0
76357,0
50894,1
148080,0
80947,1
169001,0
165825,0
23442,1
177951,0
18575,1
190275,1
119521,1
148445,1
182746,1
41487,0
70267,0
69340,1
58039,0
151666,1
87301,1
174702,1
201735,1
30667,1
18107,0
128285,0
186095,1
125226,0
166554,1
136762,0
110692,0
176515,1
159329,1
149813,0
135091,0
13891,1
166223,1
121715,0
77695,0
35685,1
130246,0
108351,0
136347,1
129804,1
158945,0
42105,1
94654,1
40910,0
27867,0
28937,1
161805,0
119614,0
68400,0
63414,0
196438,1
202916,1
24445,0
90632,0
45889,1
205784,1
118063,1
183893,1
68880,0
25037,0
59938,1
88539,1
3510,1
115815,0
163083,0
157296,1
160185,0
28329,1
192091,0
201112,0
160987,1
177644,0
178256,1
82380,0
95033,0
7324,0
155907,1
8475,0
205085,0
55469,1
169622,0
190291,1
100011,0
211136,1
139754,0
141737,1
151410,1
57141,1
108133,0
130305,0
99758,0
49382,1
206948,0
73207,1
53718,0
71680,0
61021,0
165495,1
193737,0
133591,1
32324,0
83433,0
196471,1
156960,1
142775,1
130244,0
180815,1
51190,0
175621,1
45822,1
101598,0
114661,1
61762,0
68265,0
132935,1
119290,1
204527,0
97418,0
141286,1
210042,1
168382,1
58246,1
61654,0
165043,0
63863,0
59185,1
99541,1
14949,0
119281,1
123357,1
108888,0
148234,1
21615,0
135200,1
12947,1
7263,1
35417,1
10200,0
84868,0
175137,0
111597,0
6208,0
115595,0
61715,1
169898,1
182102,0
80791,1
201009,0
46260,1
182062,0
130886,0
5142,0
183228,1
119405,0
74110,1
157778,0
207355,0
160107,0
76577,0
79644,1
95088,0
26705,0
22701,1
15770,0
101262,0
197984,0
15915,1
111492,0
64984,0
202624,1
38899,1
123505,0
166832,0
115750,1
114488,1
183114,0
165047,0
25922,1
173039,0
181265,0
9515,0
12466,1
167110,1
4669,0
125723,1
182296,1
124262,1
38132,0
194302,0
56192,0
162540,0
154786,0
203487,0
102175,0
59025,1
62438,1
1569,0
123776,0
41165,1
126471,1
43603,0
3773,0
19508,0
131356,0
183050,1
17928,1
170433,0
34669,0
120624,0
60475,0
197462,0
43256,1
177141,1
172032,1
75485,0
7107,0
4671,1
156359,1
79481,0
24995,0
56228,0
193096,0
77970,0
40902,0
133449,1
109431,0
6461,0
178989,0
58008,0
23180,1
100311,0
43189,1
195794,1
99990,1
140106,1
135370,0
172048,0
99198,1
77494,1
209277,1
185745,0
5403,1
38842,0
81312,0
134205,0
210452,1
152014,1
89343,1
57256,1
146048,1
21010,0
109055,1
121343,1
27154,1
72461,0
154340,1
120986,1
72765,1
72088,0
75987,0
38793,1
77138,1
42609,0
55467,1
56839,0
114918,1
75548,0
59806,1
194490,0
71900,1
138760,0
140440,1
10355,1
25165,0
16804,1
197322,1
26370,0
176786,0
50148,1
61400,0
73009,1
23572,0
208288,0
92474,1
79706,1
80149,1
37728,0
170449,1
131835,0
190831,0
152063,0
142092,1
154479,0
158449,0
18527,1
187392,1
200013,1
80819,0
175814,1
114018,0
113991,0
75295,0
93846,0
131022,1
172146,1
157421,0
157521,0
196291,0
34694,0
170516,0
31682,1
9860,0
87081,1
193937,1
105811,1
162793,1
191556,0
36257,0
182584,0
20733,0
160037,0
20542,1
162415,1
5613,1
177389,1
73326,0
125670,0
39523,1
68178,1
97792,1
134983,0
114129,1
111762,0
135616,1
32752,0
132696,1
116779,1
140039,0
75235,1
114611,1
180317,0
38329,1
2086,0
69589,0
132556,0
143758,1
84768,0
148514,1
162082,0
210058,0
173235,1
63640,1
113309,1
122391,0
162612,0
106090,0
106101,0
14386,1
104088,1
5203,1
98833,1
126135,0
27495,0
115837,1
62920,0
145497,0
149869,1
167926,0
197184,0
182176,0
112943,1
208585,0
103956,0
54030,1
14883,0
102388,1
85708,0
95357,1
71835,0
34093,0
41785,1
96257,0
37034,1
180214,0
151372,1
88191,1
195036,0
185093,0
179188,1
170127,1
152532,1
195897,0
7071,1
185300,1
2014,0
172329,0
11146,0
111786,1
23497,1
69306,1
122436,1
36991,0
19454,1
118553,0
11489,0
205221,1
57950,0
140714,1
90151,1
24008,1
179713,1
32398,0
159089,1
137807,0
136220,1
12154,1
81466,1
824,1
77598,0
8185,1
189361,0
205365,0
561,0
202261,0
65591,0
130695,1
131720,1
162937,1
88070,1
199568,0
60182,0
194371,1
39368,1
71089,1
13186,1
208631,1
2756,1
143272,1
128431,0
50414,0
211224,1
116079,1
55510,0
50762,0
166095,0
146358,0
109956,1
9442,1
79737,1
108349,0
107275,1
48196,0
47196,0
99802,1
182270,0
82903,0
79144,1
132644,1
101482,1
41573,0
14872,1
149891,1
3407,1
82036,1
206201,1
46895,0
29597,0
41572,0
70054,0
118792,0
197152,0
30529,0
155849,0
151065,0
31805,0
74488,0
174718,1
90839,1
29033,0
5067,1
81236,1
46224,0
170760,0
57402,1
115009,0
124538,0
203133,1
204675,0
12926,1
184785,1
124637,1
143964,1
103115,0
189050,1
205813,0
51401,1
88233,0
64839,1
165885,1
191486,0
71105,0
97515,0
5,1
19684,1
184879,1
203402,1
14406,1
50064,1
132666,0
126142,1
59697,0
33187,1
96849,0
167949,0
93892,1
57143,1
155527,1
139067,0
151953,1
50622,0
32160,1
142470,1
88005,1
149224,0
29104,0
116009,1
49774,0
59034,0
30791,1
211016,0
36817,1
112618,0
8715,1
70978,1
197992,1
72904,1
110418,0
196055,0
191242,0
5106,0
33210,0
124926,0
143703,1
111820,1
146381,1
194142,0
173378,1
43441,1
118643,0
74465,1
96962,1
11939,0
190843,0
24231,1
125766,0
29106,0
48254,1
166778,1
185091,1
182559,0
166624,0
198054,0
139706,0
156615,1
171349,1
40006,0
194649,1
37428,1
40748,1
136477,0
191180,1
142070,0
2108,0
20274,1
194521,1
75069,0
7540,0
210044,1
34645,0
163953,0
168890,0
33271,1
4240,1
35895,1
48929,0
188281,1
27782,1
124892,1
137686,0
41411,1
140516,0
157970,1
208189,0
200443,1
210190,1
117098,1
33443,1
59000,1
84912,0
69381,1
181853,0
81820,1
74099,1
6010,1
183046,0
194959,1
39339,1
70515,0
75173,0
84397,1
132447,1
129311,0
174474,0
53838,0
3348,1
110590,0
90684,1
166667,0
26682,0
198611,1
42740,1
68146,0
77297,1
64178,1
76863,1
157247,1
138500,1
153702,1
38221,1
175490,1
161596,1
191246,0
197712,0
150202,0
123040,1
56468,0
208549,1
128861,0
9948,0
64421,0
27995,0
79039,1
149048,0
194541,1
197487,1
161040,1
14270,1
181339,0
183425,1
6938,0
169762,1
196816,1
25933,0
142912,1
41173,1
137132,0
148968,1
136458,1
143857,1
4947,0
115652,0
178549,1
61528,1
120770,0
137189,1
206509,0
182347,1
66257,1
10700,0
37356,1
9339,1
5922,0
20679,1
190641,1
151314,0
113830,1
63018,0
65121,1
97621,1
60474,1
195958,0
33002,1
147193,0
203437,0
40386,0
172331,1
70343,1
166850,1
174822,1
46597,1
6841,0
52616,1
130590,0
184444,1
143274,0
333,0
193980,1
39433,1
153277,0
26383,1
191044,1
142238,0
73125,0
13700,1
106330,1
190162,0
8257,1
189878,1
147102,1
55546,1
19749,0
29991,1
142715,0
105344,1
200925,1
194847,1
33119,0
198354,1
11902,1
62835,0
156746,0
15766,1
44016,0
127624,1
51585,0
146865,0
57591,0
90788,0
179942,1
204894,1
75745,0
54384,0
116710,0
162254,1
117638,1
72402,0
180699,0
86313,1
49640,1
167945,1
65860,0
54430,1
164752,1
10511,1
112255,0
197624,1
92839,0
11324,0
32247,1
16357,1
65197,0
150149,1
17526,0
128898,0
127556,1
127828,0
72388,1
116086,0
137928,1
80056,1
97648,0
72201,0
54549,0
82631,1
109134,1
75689,1
13310,1
184364,0
174428,0
23862,1
80011,0
122970,0
85882,1
156374,1
16989,0
185556,1
44186,1
32059,1
102748,0
167429,0
170954,0
205828,1
76872,0
129625,1
113692,0
186710,1
198060,1
39863,1
111382,1
102109,0
85066,1
63017,1
123966,1
87565,1
49969,0
203523,0
37207,1
13818,0
30587,0
8066,0
151621,1
167194,1
211354,0
35557,1
105163,0
84374,1
123016,1
76007,1
4370,1
128757,1
159000,0
99529,1
43570,0
174408,0
39137,1
49389,0
55102,1
180599,1
50870,1
163164,1
141449,0
12807,0
47332,0
123214,1
194827,1
80742,1
63890,1
41770,1
26334,0
81483,0
151142,1
76978,0
151400,1
113243,1
154654,0
138821,0
127874,0
80507,1
53198,1
188392,1
185243,1
184339,0
178321,0
24804,1
100685,0
8024,0
115638,0
206729,0
199329,0
100365,0
156579,0
159248,0
106194,0
176215,0
80744,1
129146,0
53946,0
6615,1
132545,1
158789,0
3814,0
180726,0
135968,1
164157,1
130242,0
1618,0
95348,0
173828,0
10302,0
72165,1
72166,0
8633,1
196146,0
49895,1
100732,1
107743,0
39451,0
200356,0
188581,0
38929,1
70810,0
13241,1
198841,1
6259,1
180521,1
64832,0
110715,1
40952,0
178304,1
85598,0
1889,0
127654,1
148400,1
132563,1
81891,0
181426,1
76032,1
133827,1
21526,0
80022,0
149190,1
19882,1
198497,1
127499,1
115573,1
48621,1
170826,1
137755,1
19700,1
160596,1
79361,1
109661,1
14668,0
87570,0
91465,1
122790,0
161813,1
127850,0
134833,0
84183,0
164787,0
102226,1
178513,1
160047,1
176027,1
147226,1
68635,0
140137,1
97590,1
12003,0
119104,0
148969,0
180336,1
170186,1
210370,1
106132,0
203389,0
133624,1
24511,1
6892,0
57688,1
144830,1
31291,0
14962,1
40985,0
83493,0
47658,0
132339,1
113426,1
114654,1
790,1
148595,0
71387,1
2648,0
170865,1
169778,1
138233,0
171608,0
182206,1
41468,1
161502,1
189228,1
82137,0
131489,1
176591,1
121587,1
7948,1
208157,0
119524,1
150697,1
9402,0
125266,0
138234,0
143508,0
13133,0
40933,1
33946,0
23246,1
144473,1
20996,1
38009,0
54334,0
162228,1
141800,1
135465,0
72196,1
28980,1
74416,1
134424,1
173646,1
157914,0
21656,0
209387,0
207723,0
133003,0
145711,1
27436,1
70466,1
175197,0
153391,1
121732,0
116509,1
159616,0
72,1
206532,0
169329,0
138368,1
195361,0
39077,1
129296,1
25541,0
46051,0
98070,0
2547,1
184806,0
138874,1
135357,1
127309,1
131379,0
151557,0
53251,1
68822,0
189005,1
157158,0
193468,0
198182,0
89303,0
185689,0
18635,0
71267,0
125342,1
160820,1
177517,0
42752,1
179925,1
43194,1
30550,1
179724,1
178437,1
68522,0
135020,0
36423,1
66508,1
171093,0
119808,0
115299,1
122344,0
98644,1
52896,1
32377,1
165983,1
78882,0
32547,1
30408,1
62044,0
89151,1
206618,0
175528,0
146825,0
125320,0
135322,0
193571,0
61695,0
58734,1
7246,0
178708,1
51304,1
8243,1
5271,1
129239,0
190448,0
100848,1
124539,0
192458,0
193510,1
182552,0
121003,0
61943,0
12943,1
34525,1
90884,1
196985,0
165858,1
135689,0
117412,1
88632,0
49685,1
170704,1
125481,0
143388,0
1740,0
6077,1
177048,1
44086,0
116386,0
118696,0
145328,0
189608,1
127265,0
141140,1
14816,1
184298,1
132275,1
4876,1
53536,0
99539,1
68110,1
175304,1
15134,1
60053,0
169425,0
193358,1
143712,1
64298,1
49053,1
126733,0
47753,0
204799,0
38396,1
105503,0
200373,1
19784,1
167644,1
182416,0
192837,1
156423,0
25469,1
32290,1
146269,1
177578,0
142188,1
60515,0
59889,0
201225,1
155104,0
10996,0
126879,0
168307,1
80670,1
146858,1
94682,0
113631,1
25052,1
57344,1
111019,1
202064,0
141908,0
172619,1
97001,1
91395,1
206829,0
123207,0
143580,0
57395,1
186634,1
163919,1
82361,1
211024,0
187292,1
80630,0
25145,0
2850,0
57908,0
30526,1
166918,0
137669,1
38301,0
136726,0
47747,0
49761,0
27620,0
60077,1
51468,1
186737,1
27304,1
116476,0
183011,1
52872,0
39928,1
170429,1
132941,0
20867,1
69910,1
124386,0
80820,1
65979,1
129122,1
150604,0
29748,1
100032,1
104098,1
52782,0
160572,0
41114,0
11935,0
178668,1
145042,1
107935,1
75409,1
168263,0
3819,0
66960,0
164800,1
180957,0
88899,1
127211,1
167298,0
191074,1
117127,1
76258,0
85801,1
73866,1
151095,1
88641,1
167813,0
156638,0
140244,0
156148,1
80493,1
3419,1
153137,1
73862,1
46955,1
90535,0
566,0
182705,1
104820,0
182868,0
148754,1
209136,0
116111,1
36714,1
49650,1
124960,0
155440,1
129763,0
140069,0
143008,0
31082,0
102459,1
56012,1
92188,0
105392,0
67316,0
97036,0
129371,0
197499,1
7575,1
2378,1
67401,0
171017,0
126355,0
63486,1
154293,0
92827,1
138369,0
119369,1
165198,1
100580,1
74644,1
37780,1
58138,0
160309,1
65916,0
127261,1
150114,1
35092,0
66954,0
27688,0
60419,0
135649,0
177324,0
101129,1
63670,0
30833,1
97312,1
17047,1
64049,1
35750,1
189223,0
111673,0
49527,1
78109,1
196724,1
96288,0
134311,1
203965,0
103997,1
150563,1
136310,1
109179,0
195200,0
13608,1
50807,1
128338,0
200037,1
171814,0
81768,0
155480,1
99592,0
119142,0
62871,0
41977,0
48849,0
9391,0
143074,1
18708,1
14584,1
122208,1
206113,0
109811,1
171575,1
54980,1
9914,1
47999,0
71121,1
22158,1
136328,0
103393,1
91709,0
99655,1
45806,0
47344,1
16695,0
170255,1
123980,0
190002,1
89046,1
146002,0
167151,0
127338,1
77304,0
42255,0
113174,1
75852,1
114656,1
180737,0
115120,0
161842,1
109539,0
176120,0
28209,1
107223,0
67626,1
23496,0
10580,1
4962,1
95527,0
201758,0
43759,1
174238,0
124908,0
54563,1
173379,0
150099,1
189475,1
210312,0
49453,0
96154,1
82978,0
170458,1
121505,0
144133,1
117019,1
172416,1
16460,1
15745,1
156010,1
51156,0
24608,0
155563,0
83515,0
75430,0
207560,1
31782,0
147496,0
144704,1
77045,0
200305,0
188438,1
137185,1
117385,1
10125,1
172141,1
195878,0
99621,1
75233,1
50561,0
112052,1
166287,0
164620,1
57300,1
105600,0
21914,0
94936,0
80878,1
148119,1
204096,1
157304,0
73737,0
154989,0
173707,0
138692,1
15226,1
103649,0
154457,1
158184,1
77065,0
178606,0
211453,0
131902,1
84920,1
179626,0
210455,0
125917,0
182793,1
181845,0
154102,0
130447,0
39025,0
121923,0
21537,1
139470,0
22565,1
183719,0
193897,1
123565,0
1930,0
163994,0
100436,1
119696,1
38853,0
175112,0
74935,1
15842,1
186425,0
190888,1
143447,0
189764,0
202884,0
68746,0
167244,1
60752,1
123844,0
27763,0
146765,1
196800,0
7486,0
79740,0
58895,0
105311,1
162356,0
18959,1
102903,1
75888,1
164238,0
136413,0
46954,0
144789,1
98946,1
39826,0
82097,1
136241,1
25659,0
48354,0
154671,0
99649,0
127580,1
164987,1
89470,1
58468,0
202345,1
84040,1
147451,0
171271,1
194637,1
66547,0
35931,0
128415,0
144409,0
97474,0
190542,0
5081,1
27771,0
172209,1
124636,0
198816,0
188663,0
43714,1
164417,1
9223,1
141228,1
177015,1
194745,1
67373,0
42514,1
143199,0
164798,1
5339,1
51131,0
58926,1
606,1
7523,1
73822,1
89465,1
60539,0
125718,0
135118,1
105262,1
64647,0
124964,0
65807,0
26701,1
177954,1
15560,0
40759,1
180715,1
114750,0
152927,0
165181,0
174233,1
181892,1
69612,1
110184,0
72993,0
49097,0
208903,0
32928,0
46403,0
147815,1
186291,0
24580,0
105905,0
40914,1
53984,1
88644,1
104033,0
70147,0
164128,0
192404,1
56980,0
157280,1
53466,0
180783,0
183385,1
72690,1
83960,0
70245,0
55877,1
67883,1
79057,0
165649,0
40830,1
141069,0
92715,0
125324,0
74989,1
201332,1
157345,0
167182,1
196970,1
100381,1
63732,0
158013,1
56181,0
190758,1
132860,0
192040,1
93945,1
190613,0
12590,0
6475,0
70461,1
19722,1
211593,1
108358,1
11278,0
162884,0
119979,1
21858,0
54931,0
186838,1
174494,1
70728,0
61668,0
100294,1
136222,0
182266,0
97696,0
187995,0
126639,0
170922,0
84738,0
26493,0
183880,0
51634,1
136418,1
64620,0
43928,0
92382,1
55368,0
27509,1
127412,0
5412,0
100911,1
178931,0
41545,0
48762,0
207487,0
27410,1
138348,0
147874,1
169505,0
65663,1
152769,0
127235,1
31672,0
127907,1
45569,0
139565,1
141327,1
179989,0
98919,1
28756,0
125618,1
22897,1
30854,1
64495,0
84028,1
119518,0
88461,0
20602,0
173104,1
128202,1
207642,0
41781,1
139634,0
103814,1
196269,1
104844,0
2674,1
42247,1
53033,0
76870,1
157276,0
169115,0
33065,1
40769,0
62454,1
35150,1
50250,0
132201,0
85392,1
49791,0
690,1
188833,0
64799,1
176472,0
101015,0
85991,0
166449,1
190268,0
197787,0
7079,0
199656,0
90793,0
109373,1
6993,1
171342,1
120028,1
152636,1
45406,0
166932,1
77248,1
46152,1
18947,0
156094,1
157390,0
87445,0
31475,1
70473,0
73733,0
106857,0
22998,1
47490,0
151111,0
152973,0
191034,0
102063,1
98170,0
71431,0
55083,0
149116,0
161044,1
148967,0
197223,0
76249,1
50597,0
152855,1
114433,0
176657,0
117895,0
99418,1
143333,0
158980,1
10481,0
124913,0
57800,1
151721,0
42630,0
100795,0
135589,1
58408,1
116998,0
16675,0
79352,0
62375,1
184084,1
42207,0
63642,1
96119,0
63521,1
115454,1
25465,0
132676,0
6443,0
162969,1
159533,0
180718,0
11986,0
31266,0
13325,0
145897,1
188598,1
124284,0
96673,1
88729,1
133839,0
35581,1
207031,0
60630,0
41880,1
38845,0
64638,1
159665,1
53892,0
2365,1
69235,1
3436,1
151471,0
23529,1
132787,1
38834,1
41760,1
68554,1
208122,0
180471,1
201276,0
173496,1
199788,1
154317,1
22679,1
207165,0
99377,1
90196,1
93834,0
199777,0
44557,0
195650,1
200628,1
195096,1
43866,0
112042,1
124341,1
192725,0
186760,0
20610,0
36665,0
145193,0
123474,1
19284,1
148935,0
94367,0
82798,1
91011,1
2271,1
110713,1
16538,0
170862,0
198469,0
207378,0
46997,1
201679,0
158718,0
180608,1
48253,0
49093,0
138819,1
35110,0
64355,0
137441,0
40737,0
157382,1
49965,0
103205,0
94515,0
99732,0
204359,0
176029,0
183166,1
180766,1
21097,1
61632,1
9547,1
152915,1
8338,1
195171,1
100328,0
70275,0
187881,0
97842,1
174952,1
48789,1
209998,0
120002,0
187222,0
55380,1
113424,1
104558,0
5491,0
199311,0
146167,0
109928,1
133750,1
121274,0
29322,1
351,0
15,0
109473,1
130159,0
27648,0
23991,1
75018,1
104416,1
67080,0
116380,1
69,0
20671,1
156583,1
207999,1
81539,1
11967,0
69067,0
104144,1
84109,0
24893,0
153285,1
52900,1
72902,0
81975,0
73459,1
69304,1
7405,1
73991,0
48614,1
12314,1
104932,1
154072,1
34253,1
103554,1
91670,1
93363,1
172229,0
183383,0
27048,1
182837,1
122426,1
51790,1
196831,0
127503,1
81839,0
38495,1
52530,0
50581,0
162967,0
119456,0
108558,0
161048,0
203153,1
104708,0
33382,1
126327,0
31759,0
174140,0
176529,0
115388,0
171753,1
179313,0
60189,0
3281,1
198657,1
104427,1
14312,0
380,0
111555,0
92826,0
56568,0
211514,1
166663,0
67438,1
142104,0
179177,1
69494,1
73992,0
159781,1
182,1
126783,1
95469,0
6362,1
191386,0
18284,1
72930,1
127170,1
158300,1
16601,1
185508,1
193603,0
87832,0
123327,1
136587,0
114413,0
199014,1
197005,0
209818,0
33483,0
182361,1
86139,0
99695,1
152216,0
211048,1
19773,1
130791,0
128269,1
50526,1
126187,1
155020,0
42155,1
162055,1
210342,1
209696,1
70109,1
203738,1
48192,0
92566,1
25982,1
51873,1
519,0
163177,1
181457,1
47741,1
26020,1
108895,1
23466,0
35833,0
172751,0
20510,1
107311,1
83154,0
198184,0
180423,1
203710,1
46298,1
86172,1
124604,1
184165,0
103101,0
127510,0
164222,0
138120,1
107531,1
97820,1
184605,0
74691,1
208080,1
25339,1
2407,0
131140,1
198960,1
55531,0
197747,1
163920,0
153115,1
170398,0
164145,1
647,0
56887,1
39340,1
204941,1
187020,0
136374,1
116193,1
44228,1
205535,1
148944,1
98177,0
70374,0
96587,1
25034,1
89097,0
15964,0
186056,0
60571,1
32716,0
141706,1
171838,1
128126,0
15093,0
205663,1
91814,1
185506,0
178178,1
122708,0
81421,0
108535,1
40226,0
171180,1
210803,1
116594,0
79619,1
195915,1
107974,1
19272,0
2524,1
100177,1
105491,1
153982,0
158677,0
184057,1
152568,0
164975,1
122394,0
179487,1
98398,0
159655,1
53582,0
86786,1
138292,0
116028,0
63344,0
22667,0
131329,0
91947,0
32494,1
135427,1
183661,0
61702,1
69215,0
63786,1
17827,1
63613,1
56641,1
13052,1
162034,1
211548,0
61178,0
180310,0
20387,0
191535,0
38163,1
205735,1
62426,0
74183,0
104103,0
132086,1
177995,0
27252,1
196397,1
14641,0
166321,0
174370,1
136649,1
208174,1
132348,1
170872,0
127081,1
187,1
211198,1
62196,1
173257,0
109794,1
160905,1
1706,0
119923,1
177014,1
181609,0
184284,0
12778,1
200254,1
131120,0
61268,0
41568,0
173875,1
2060,0
153514,1
157747,1
116543,0
200669,0
24678,0
165812,1
204871,1
181676,1
27829,1
174292,1
48916,1
139093,1
104397,1
16187,0
42084,0
167277,0
29342,1
144855,1
95479,1
204208,0
130544,1
55998,0
151380,0
51050,1
62556,0
197911,0
32144,0
126852,0
77149,0
99580,0
91649,1
20047,1
1261,0
152330,0
8272,0
47682,1
130118,0
207417,0
182532,0
132973,0
146713,1
13156,1
69706,1
119750,0
44337,1
23909,1
169362,1
72594,0
59934,1
105483,1
183117,0
128059,1
158612,1
40084,1
71321,0
161081,1
200820,1
31789,0
56130,1
87117,0
94664,1
81779,1
175344,1
23704,0
6560,1
148096,0
175183,0
107871,0
207954,1
148426,1
86448,0
107529,1
45415,1
2570,1
165246,1
4455,1
73036,0
187839,1
132391,0
105254,0
94079,1
24536,0
171246,0
193347,0
143357,0
201435,0
111826,1
202102,1
174752,0
80641,1
50471,1
158440,1
131458,0
6308,0
78564,0
167086,0
5415,0
108425,1
92092,0
131423,1
122434,0
67599,0
27343,1
153972,1
102804,1
28875,1
207611,1
172267,0
37586,1
88913,1
149388,0
203823,1
160970,1
47970,1
51620,0
27062,0
191898,1
125185,1
118623,0
88820,1
190472,0
119935,1
147464,0
69986,1
66005,1
191593,1
89487,1
30268,0
84838,1
31151,0
153009,1
140186,1
22909,0
71991,0
112513,1
106819,0
116084,1
46650,0
113241,1
179547,0
78628,0
11274,1
75651,1
184055,0
174315,0
68347,1
22632,1
179155,1
208408,0
120360,0
73211,1
68364,0
144979,1
175870,0
192295,0
205431,1
40264,1
203403,0
91761,1
8553,1
82253,1
13515,1
64644,0
48443,1
85184,0
26014,1
163515,1
96651,1
67069,1
153604,1
119044,0
205026,1
32595,0
27034,1
211545,0
123178,0
28060,1
81578,1
210264,0
10365,1
179888,0
152402,0
47114,0
105449,0
23239,0
193944,1
48191,0
49618,0
157748,1
166499,1
58883,0
74829,1
142477,0
112559,0
100198,0
170837,1
165292,1
127525,1
151578,0
85325,0
204177,0
188702,0
137910,1
11636,1
87454,1
62581,1
69537,0
51148,1
32702,1
85779,0
144840,1
39698,1
106240,0
195298,0
148865,1
83999,0
45140,0
118384,1
103704,1
164345,0
166460,1
162974,0
156325,1
23286,0
158137,0
132234,1
53241,1
76244,1
71335,0
169806,1
157979,1
132034,1
103602,1
150819,1
28015,0
155506,1
116065,1
7714,0
172223,0
37136,0
205831,1
151704,0
121317,1
129643,0
102288,1
84415,0
180124,0
198670,0
34440,0
116273,1
51171,0
120484,1
23782,1
5801,1
53559,0
8068,1
67371,1
211333,1
146671,1
119256,0
202741,1
80334,1
55649,0
195519,1
34781,1
3993,0
144645,0
89502,1
110374,1
107238,1
18523,0
160864,1
164674,1
203460,0
14159,0
75153,1
185852,1
36390,0
80817,0
185516,0
46490,0
126397,1
15412,1
152435,0
198774,1
78558,0
7958,0
21732,0
10901,0
183100,0
2765,1
50742,1
181571,1
98049,1
180452,0
74350,0
81892,1
16749,1
30379,1
187719,1
98324,0
148568,1
119898,0
211830,0
159725,1
173450,1
39763,1
163043,1
79015,1
141121,0
53735,1
193122,0
32834,0
104924,0
71656,0
70840,1
188657,0
34204,0
14241,0
4027,1
180262,0
91402,0
113952,0
187029,1
158458,0
39423,1
161399,1
107694,0
107155,0
11516,1
176025,0
193768,0
170550,1
57513,0
24680,1
188054,1
31271,0
167579,1
53557,0
28388,1
7897,0
35635,0
153629,1
32120,0
49731,1
90890,1
25990,0
48695,1
152318,1
185394,0
34424,1
97471,0
86264,1
71268,0
16495,1
44264,1
101499,0
110724,1
174528,0
7154,1
106983,0
10870,1
157091,0
172383,1
209212,0
92701,0
140135,0
160897,0
202044,0
12644,1
100359,1
67001,1
173884,1
15732,0
9604,1
28376,0
176286,1
73579,1
111337,1
124741,0
149040,1
87120,1
105505,0
83485,1
135178,0
156358,1
118211,0
20342,0
25975,0
958,1
66360,1
53370,0
101534,0
101997,0
109076,1
111546,1
34610,1
180498,1
2598,1
87019,0
180427,1
206083,0
88002,1
183295,0
40859,1
100569,1
99199,0
119425,0
30785,1
104664,0
127110,1
144546,0
122036,1
209302,0
90844,0
158804,0
53175,0
206051,0
8873,1
167989,1
116656,0
89000,1
19746,0
119652,1
173150,1
116465,1
8868,0
31018,0
166447,1
21704,0
7909,1
173144,0
155507,1
203412,0
115,0
11424,1
108760,0
144444,0
200052,0
107158,1
171243,0
131038,1
27931,1
173262,1
147442,1
200972,0
98411,0
165537,0
109909,0
86200,0
116468,0
125509,0
97083,1
3097,1
9397,0
206183,0
193286,0
129418,1
15089,0
88392,0
93367,0
117865,1
143597,1
131117,0
210136,1
184354,0
166327,0
49641,0
56872,1
101959,1
204461,0
36236,0
177819,0
119698,1
162416,1
123429,1
105678,0
172565,0
7970,0
55730,0
156486,1
110788,0
89933,1
109284,1
124491,1
12806,1
153375,1
14393,0
56571,0
185864,0
106237,1
161404,0
66264,1
129322,0
5224,1
160871,1
60669,0
64196,1
53612,0
198493,0
161197,1
8669,0
10612,1
124041,0
69011,1
5345,1
175040,0
14921,1
15409,0
189939,0
196649,0
140599,1
127934,1
92845,1
85517,1
86505,1
111838,1
184188,1
5502,1
947,0
148588,1
70439,0
91348,1
89948,0
101621,0
171615,0
105992,1
1231,1
144964,1
103881,0
19243,1
14926,0
55330,1
78010,1
124010,1
3604,0
170716,1
143261,0
121224,1
94229,1
36312,1
93430,1
133536,0
49134,0
190978,0
151847,0
182032,1
64711,0
30941,1
184924,1
194010,1
173465,1
110030,1
191373,1
69831,1
172322,0
12613,1
133342,0
73729,1
24571,0
42594,0
98651,1
98996,1
31969,1
60690,1
170858,1
47866,0
188495,1
165132,0
31899,1
203667,0
163316,0
190153,1
172634,1
136691,1
49350,1
189800,0
129994,1
184548,1
94042,1
80602,0
51997,0
116684,0
82029,1
117600,0
48594,1
73445,1
183999,1
147326,1
54078,0
183069,0
121611,0
126989,0
121798,1
146398,0
65151,0
103103,0
46551,1
6199,1
36815,0
81772,1
44361,1
176402,0
57697,1
5461,0
143148,0
42738,1
2032,1
25062,1
129662,0
104118,1
11690,0
120199,1
144254,1
101776,0
40983,1
138150,0
3772,0
17663,1
1355,0
59145,0
97137,0
50389,0
164866,1
114338,1
50776,1
182538,0
10053,0
203724,0
131622,0
47670,0
37366,1
179676,1
63407,0
163628,0
125165,1
182870,1
94908,0
94655,0
158824,1
98951,0
2090,0
112053,1
201724,0
198709,0
186559,1
130373,0
176740,0
83367,1
15811,0
57182,0
50096,1
115605,0
61730,0
170069,0
132194,0
28377,0
96521,1
56045,1
50024,1
37442,1
98617,0
82025,0
116089,0
43277,1
201728,0
144778,0
208100,1
8617,1
117973,0
110029,1
39367,0
110817,1
25562,0
43944,0
51782,1
106700,1
120992,1
136034,0
119616,0
45875,1
121428,1
188607,1
196193,1
154441,0
211935,0
123420,1
2440,1
12980,0
140230,1
101304,1
199594,1
3964,1
128880,0
91803,0
175468,1
4820,1
75424,1
126907,0
131293,0
130137,0
49443,0
156827,1
172213,1
54546,1
72023,0
19086,0
108402,0
36153,1
139113,1
32378,1
8416,1
142329,1
7782,0
179063,0
64733,1
32766,1
177097,1
38021,0
100058,0
63921,0
14054,0
155398,1
150239,0
159255,0
117632,1
211208,1
13384,0
47092,0
89428,1
127323,1
120244,0
97548,1
13145,1
118629,1
113102,0
125939,1
27215,1
49424,0
98642,0
179285,0
45328,0
23250,1
36869,0
88941,1
68458,1
37951,0
206013,1
81846,0
90392,0
70357,0
95632,0
87824,0
155488,0
136765,0
164464,1
205943,1
30657,1
78143,1
23742,1
30498,0
134172,0
117874,1
48923,0
163171,1
13574,1
198851,0
126005,1
71684,0
206025,0
61376,1
84690,1
99909,1
173383,0
72838,0
149950,1
153440,1
35892,1
189247,0
129005,0
96936,1
12253,0
341,0
24600,1
56648,0
70383,0
95683,1
72768,0
125129,0
207686,0
68937,1
79538,0
57278,1
14624,1
66795,1
35693,0
177565,1
118106,0
80196,0
39498,0
196912,0
61210,1
153645,1
118589,0
141979,0
137281,0
83469,1
105948,1
98048,1
57696,1
160261,1
154647,0
192022,0
201550,0
41460,1
127633,0
195169,0
189250,1
122475,0
23397,1
99818,0
176484,0
106412,1
130463,0
111799,0
118236,1
149314,1
14909,0
26787,0
100082,0
210047,1
43108,1
202591,1
183981,0
74751,1
126415,1
25743,0
29781,1
187853,0
208830,1
102472,1
170626,0
149385,0
88175,1
96514,1
163913,0
64931,0
47962,1
49508,1
103068,1
47726,1
27724,0
182018,1
174934,0
95685,0
166220,1
78989,1
131087,1
23928,0
30673,0
19168,0
39975,0
45590,1
173040,0
205492,1
84398,0
154578,1
199451,1
184017,0
94050,1
28354,1
90867,0
83698,1
184975,1
28954,1
90272,0
174552,1
157370,0
180261,1
140538,0
22463,1
26459,1
165625,0
156185,1
76764,1
37517,0
204098,0
98540,1
73437,1
18085,0
55224,1
203962,0
39252,0
53479,0
75980,1
33374,0
118312,0
188040,0
40181,1
205385,0
31540,0
40518,1
58529,0
89671,0
37270,0
166222,0
195716,0
104317,0
82592,1
201808,1
178704,0
64041,0
87453,1
176777,1
165113,1
102578,0
122891,0
136990,0
179943,1
27328,0
109174,1
54878,1
202366,0
80622,0
158427,1
75272,1
209774,0
183906,0
204923,0
203490,0
50061,1
111663,1
185075,1
166384,0
46397,0
131678,1
124917,1
43246,0
22728,1
73939,0
21117,0
1950,1
203141,0
180867,0
208695,0
127295,0
185641,1
170748,1
2456,0
121552,0
206573,0
63198,0
144561,0
27115,0
129315,1
190954,0
80053,1
176011,0
191782,1
200239,1
80492,1
102426,0
11582,0
135755,1
9533,0
75331,0
158965,1
48941,1
29498,0
74456,1
173337,0
46500,0
135991,0
27539,0
140826,1
99181,1
185285,0
12553,0
124828,1
69528,0
19097,1
158156,0
20892,1
178188,0
173976,0
173010,0
209764,1
149194,0
157139,1
91872,0
108350,0
186251,0
115760,0
23467,0
184748,1
175582,0
86968,0
166559,0
141541,1
128182,1
65834,1
74574,0
86042,1
183161,0
152037,0
159840,0
207945,1
142262,1
26094,1
5251,1
195482,0
123464,1
160165,1
162127,0
113973,1
172764,0
158068,0
30565,1
112637,0
92111,1
155628,1
72589,1
24835,0
25960,0
104531,0
186186,0
29862,0
52949,1
160282,0
73053,0
98595,0
39390,1
125362,0
60917,1
29720,0
185399,1
161266,1
63422,0
137252,0
120287,0
152722,0
56991,0
37692,0
171576,0
91714,0
93522,1
24199,1
190487,1
188550,1
156850,0
135212,0
131775,1
181452,0
92660,0
155103,0
200647,0
164877,0
35349,0
100511,1
4324,1
24110,1
150695,0
29305,1
58198,0
173593,1
139909,0
110233,1
114375,0
130421,1
108599,1
43370,0
2181,0
69196,0
122148,0
147996,1
164192,0
150648,1
38442,0
140031,1
85609,1
152912,0
14568,0
30090,0
132817,1
136867,1
117889,1
156970,0
16094,0
157890,0
200105,0
150215,0
121226,0
139900,0
80976,1
3954,0
152995,1
13794,1
96871,0
24291,0
128739,1
117040,1
193752,1
7330,1
92074,1
159867,0
20085,0
49098,1
47528,0
173987,1
129617,1
42976,0
156151,1
82580,0
198564,0
75677,1
177520,0
71447,1
89466,1
11991,0
194534,0
56250,0
209227,0
113071,0
58379,1
200566,1
91231,1
162329,1
59362,0
193675,0
65306,1
79663,1
204303,1
18653,0
7618,0
94836,1
120172,1
82518,1
173284,1
157892,0
3359,1
96974,0
67060,0
32320,1
146688,1
117592,1
187241,0
117671,1
146981,0
152196,0
39819,0
163853,1
85828,1
21834,1
43036,0
211868,0
26198,1
192210,0
99582,1
135707,1
115417,1
105097,0
104021,0
165616,0
116305,1
89732,0
30943,0
166912,1
164068,1
30118,0
59259,1
128076,0
50754,0
86641,1
78192,1
52982,0
72043,0
59332,0
132703,0
192757,0
154512,1
45764,1
188126,0
13761,0
205450,0
50331,0
140715,0
179392,1
186698,1
30396,0
96091,1
148302,0
22704,1
68776,1
154526,0
81047,1
103745,1
56093,0
178093,1
174509,0
211610,0
98095,0
65374,1
172491,0
155906,1
68194,1
58045,1
29613,0
108872,1
189318,1
65884,1
3416,1
11060,0
83098,0
122176,1
123818,1
83223,0
94155,1
143578,0
19136,0
166404,1
45499,1
46026,0
103246,1
53127,1
121245,0
132385,0
51534,0
132745,1
195629,1
88719,0
20169,1
15903,0
77346,0
127383,1
118468,1
10651,0
163331,0
85339,0
137017,0
80265,1
55870,1
47787,1
36970,1
172811,0
181832,0
139243,1
199453,0
120175,0
84370,0
102133,0
188296,1
53558,1
195781,1
63793,0
129126,1
12135,0
206075,0
182359,0
44694,1
16819,0
183726,0
208848,0
110580,1
67127,1
15465,0
61186,0
82875,0
147846,1
190214,0
195798,0
47139,1
67746,1
4453,1
159961,1
24638,1
109590,0
179699,1
86486,1
26275,0
56739,0
204100,1
45745,1
27315,0
207908,1
95971,0
195964,0
29628,0
89802,0
195561,0
171968,0
132980,1
108809,0
111155,0
41400,0
105624,1
113178,1
86811,1
84807,0
125969,1
127530,1
71957,1
151961,0
123890,0
196806,0
56683,1
71493,1
64238,0
93281,1
115540,1
43431,0
187520,1
50466,1
130593,0
53798,0
70055,1
126541,1
84574,1
201035,0
179773,0
363,1
172578,1
186245,1
11787,1
65818,0
79252,0
164456,0
107415,1
24624,1
141150,0
15687,1
44487,1
185047,1
172024,0
103574,0
203754,0
81638,0
177614,1
98201,1
62636,1
140867,1
105079,0
191609,0
18896,1
22613,0
21453,1
13812,0
78567,0
188666,1
200846,1
91010,0
108670,1
85190,0
97585,1
21544,1
52867,0
64237,0
154053,0
114494,0
159762,0
183277,0
52291,0
193015,0
196981,1
110198,0
14690,0
139466,1
168326,1
25760,1
153728,1
95420,1
83456,1
44995,1
2396,0
162662,0
64386,0
156066,1
41160,0
169206,1
103064,1
50708,0
95186,1
73612,0
5256,1
74961,0
84118,0
135073,0
158649,1
124993,1
101577,0
164609,1
11227,1
199054,0
121785,0
70983,0
190672,0
31534,0
178054,1
27744,0
89818,1
94369,0
83034,1
100664,1
108324,1
182574,0
16614,1
17014,0
54937,1
85995,0
74817,1
82845,1
113872,0
74163,1
1685,0
26652,1
14569,0
79338,0
68658,1
117843,0
187012,1
181354,0
207822,1
142749,1
5786,1
180665,1
24885,0
176420,1
18291,0
176654,1
112793,1
14978,1
140811,1
27966,1
121263,0
41737,1
175550,0
211287,0
162198,1
182605,0
95758,1
52519,1
185836,1
75336,1
144592,0
156748,1
5701,0
101538,0
107015,1
34043,1
27005,0
152881,1
33502,1
199328,0
73813,0
114651,1
186684,0
152167,1
51850,1
10273,0
40338,1
66093,1
119902,0
193492,1
123189,1
127564,1
5050,1
180862,1
172951,1
137543,0
95462,1
63843,1
202572,1
178036,1
209412,0
204280,0
96648,0
7740,1
116202,1
37578,1
35284,1
197331,0
85138,0
38651,1
151177,1
136179,1
198105,0
141196,1
50899,1
177042,1
96049,0
70657,1
40832,1
74970,1
152853,0
73586,1
2675,0
204131,0
84923,1
16085,0
95943,0
18125,0
81472,0
172225,1
134391,0
198295,0
195873,1
81435,1
187603,0
184565,0
10285,1
193089,1
99864,0
163556,1
156108,0
128806,0
12484,1
164686,0
61145,0
185284,1
150101,0
62481,1
187745,1
71221,0
194306,1
57134,1
166005,0
59575,1
6664,1
85767,0
189846,1
130541,1
118161,1
129303,1
179663,0
50702,0
22926,0
164109,0
50607,0
46682,0
44797,1
113641,1
102104,0
183533,0
172,0
16514,1
157252,1
70450,1
68380,0
96367,1
154207,0
50283,1
156341,1
178410,1
122438,1
45609,0
116163,0
71993,0
201669,0
110531,1
194884,0
73509,0
211060,1
97487,1
62722,1
145741,0
123194,0
87276,1
170395,1
132794,1
148479,0
106084,0
65768,0
68227,0
38477,1
100061,0
60481,0
117987,0
73611,0
99160,1
37769,0
195913,1
107461,0
118353,0
141082,0
37482,0
50840,0
39957,1
15227,0
166422,0
65053,0
2186,0
123755,0
86895,1
158873,0
126445,0
179656,0
36418,0
66562,1
140062,1
59091,0
48836,0
65476,0
78132,0
165650,0
54300,1
195835,0
120249,1
122300,0
163689,0
189574,0
139736,1
52341,0
64149,0
52880,0
120928,0
176103,1
60734,0
47903,1
210760,0
11801,1
189339,0
36370,0
85401,0
79523,0
132319,0
195546,0
6457,0
112459,1
171184,1
72460,1
133281,0
203581,0
101340,0
71090,1
199398,0
164313,1
80928,0
26898,0
171451,1
32411,0
73368,1
130299,1
126465,0
103065,1
84808,0
187042,1
76263,1
47375,0
66339,1
80907,0
70950,0
24173,1
33611,1
195614,1
101292,1
52996,1
199003,1
7558,0
210850,0
75961,0
1711,0
38969,1
1454,1
206944,0
139000,0
101556,0
113635,1
76410,0
124966,1
185938,1
156379,1
49487,0
13080,0
59632,1
198282,1
17638,0
186774,0
73713,0
178834,0
137965,1
149677,1
101236,1
37109,0
69805,1
152989,1
121814,0
80704,0
61202,1
182025,1
34604,0
10789,0
166273,1
95975,1
136149,1
130584,1
88894,1
39632,1
95729,1
206132,1
50007,0
69144,1
49751,0
100343,0
80457,0
65166,1
180222,1
195312,0
15097,0
194336,0
182496,1
42238,0
182120,1
7198,0
72667,1
171154,1
171535,0
6805,0
101768,1
83626,1
102859,1
30161,1
104438,1
206365,1
176959,0
196593,0
78361,1
119167,0
182840,0
112970,1
97027,0
31936,0
177701,0
169556,0
132232,0
143446,1
90681,1
40254,1
32081,0
14234,0
174214,1
112780,0
82208,1
9522,1
122069,0
36784,1
4219,0
159574,0
59531,0
151265,0
125918,0
26274,1
182398,0
164697,1
78543,1
201840,1
50831,1
118079,0
23573,0
162230,1
127998,1
165386,0
48531,0
182880,0
70767,1
158050,0
183317,1
205414,1
80264,0
143836,0
166369,0
170701,0
1771,1
15016,1
24078,0
124378,0
161103,1
155001,1
91021,1
164054,0
193512,0
21341,1
178451,1
164765,0
33343,1
200350,1
22055,1
65228,1
139315,1
24458,0
97984,1
33389,0
169218,1
64940,0
187915,1
151550,1
34155,0
25961,0
1132,0
42135,1
180206,1
97154,1
188888,1
74957,0
119288,1
62206,0
65717,0
163111,1
109731,0
129794,0
66662,1
198677,1
13884,1
34006,0
211869,1
153977,1
75095,0
38828,1
118808,1
98425,0
204467,1
124289,1
130274,0
33185,1
209692,0
128915,0
161804,0
196258,0
46276,1
132104,1
94802,1
51824,0
57490,1
134741,0
211344,0
38597,1
166675,0
52553,0
204038,0
6048,0
134708,0
126081,1
184895,0
102572,0
39855,1
209392,0
27425,1
57193,0
48337,1
3193,1
171540,1
93088,0
176921,0
2893,0
185676,1
85518,0
105371,0
191338,0
184435,0
42742,1
29432,0
136702,1
16451,0
211746,1
20973,0
191808,1
211581,0
129707,1
198615,0
192469,1
80795,1
90140,0
30515,1
196272,1
188353,1
33302,0
153416,1
193531,0
21516,1
82457,0
17913,1
13202,1
173567,0
168290,0
8587,1
70919,1
179580,0
134747,1
76234,0
173586,0
66808,0
186188,0
119630,0
189069,0
43218,0
78382,0
53567,1
40142,1
22586,0
150345,1
175158,0
29705,0
183998,0
137940,1
138848,1
69308,0
148437,0
178682,0
145686,0
105926,0
5325,1
142437,0
120233,1
108556,1
188220,1
53226,1
142239,1
55340,1
45978,0
100230,0
159311,1
165445,0
48993,1
122554,0
120491,1
78117,0
12145,1
115472,0
133961,1
158627,0
60716,1
22076,0
137915,1
155668,0
99110,1
95664,0
113761,1
173540,1
169204,1
79531,1
114114,1
120522,0
139791,0
172907,0
73032,0
189705,0
59174,1
146860,1
48329,1
195754,1
77893,1
54862,1
95425,0
8780,0
186422,1
171430,0
201798,1
175669,1
79247,0
193904,1
40211,1
82817,1
24050,1
69752,1
152597,1
163566,1
82774,0
25307,0
153073,1
183432,1
161546,1
60537,0
163929,0
147122,1
28063,0
172426,1
71924,1
209013,0
70818,1
207021,1
22566,1
61945,1
177925,1
13220,0
197840,1
128965,0
1576,1
75549,0
44518,1
81823,1
2615,0
69644,0
22666,1
91895,1
62932,0
168284,1
106393,0
29019,1
91414,0
163302,1
127925,1
12061,1
67973,0
59421,1
14497,1
176707,0
654,0
196448,1
106483,0
71715,1
140149,1
120100,0
192150,1
177081,1
35264,1
135085,0
211714,0
152599,0
115746,1
120219,0
99374,1
93849,0
129283,0
193660,0
88373,1
93304,0
27623,0
30124,1
117287,1
193294,1
7475,0
25630,0
201824,1
210925,1
199106,0
122709,0
182202,0
192818,1
163359,1
210080,0
72978,0
191212,1
25724,1
189273,0
75441,1
199161,1
81980,1
112961,1
38524,1
14551,1
6261,0
115968,0
153520,1
137581,1
59180,0
53700,0
27831,0
15775,1
11035,0
72069,1
112169,0
132937,1
26863,1
76749,1
184961,1
161156,1
43221,1
54116,0
196968,0
89452,0
61403,1
206480,0
167246,1
194715,0
156330,0
111264,1
67675,1
34939,1
26027,0
151619,0
38018,1
30810,1
133220,0
177889,1
122745,1
183008,0
165041,0
190892,0
191404,1
34866,1
44786,0
114891,1
136000,1
207141,0
205351,1
100694,0
46030,1
188261,1
124555,1
130002,1
170490,0
30647,0
159127,1
123409,1
187870,0
172342,1
110961,0
74672,0
86434,0
172308,1
62814,0
15983,0
208625,1
172672,0
54757,0
92375,1
65612,1
12504,1
15011,0
77337,1
41675,0
49185,1
57667,0
116702,0
183700,1
56375,1
119755,1
78173,0
114023,0
84829,1
71077,0
30438,1
162354,0
167881,0
62039,0
75205,0
48113,0
102850,0
1643,0
108544,1
40569,1
171115,1
154069,0
161697,0
208010,0
174438,0
131624,0
43935,1
183188,1
201717,0
9360,0
151449,0
31588,1
132108,0
77938,1
144557,1
208524,1
36338,0
37590,0
171257,0
38573,1
32100,1
35003,1
125333,0
83524,1
143248,1
195199,1
46229,1
50659,0
106618,1
41727,1
96163,0
205727,1
208039,1
8275,0
168732,0
86662,0
46013,0
91410,0
86101,0
153926,1
117054,0
85824,1
2106,0
122054,1
181273,0
54019,0
166526,1
105514,1
29525,1
14757,0
134124,0
115757,0
57085,1
138046,1
118285,0
84043,1
162920,1
94449,1
211654,0
6286,0
74959,0
66450,0
109097,1
177870,0
144943,0
60344,0
69298,0
110064,0
108232,0
37689,0
39246,0
10482,1
134048,0
83627,1
141997,0
116148,0
72021,0
89083,1
177498,0
111574,0
5538,0
211567,0
88429,1
2375,0
206595,0
141071,0
104993,1
100995,1
124399,1
150055,0
65042,0
204094,1
163008,0
99710,0
199941,0
26284,0
84742,0
173138,0
42282,0
122326,1
147809,0
176866,1
91478,0
5678,1
68858,0
135219,1
80547,0
138310,0
36974,1
190593,1
153929,1
119285,1
179733,0
150245,1
87215,1
7432,0
13973,0
58965,0
152970,0
104540,0
75574,0
15935,0
195696,1
182540,0
160716,1
100386,1
80801,1
37545,1
52417,0
193903,1
145311,0
188342,1
93995,1
44635,1
125405,0
27112,0
202317,0
185067,1
84278,0
71261,0
196895,1
155672,1
95043,1
76390,0
156236,0
60895,0
117243,0
176792,0
206297,0
137106,0
134179,0
40274,0
78801,0
130997,0
139100,1
138517,0
19657,0
187852,0
66544,0
174868,0
121062,0
71625,0
126964,1
96995,0
127008,1
74588,0
101126,0
111255,1
147664,0
43173,1
60338,1
121509,0
159084,1
11634,0
68069,0
102918,1
185948,0
70947,0
145959,0
77534,0
180180,1
13386,0
168301,0
195627,0
155664,0
43088,0
69427,0
189354,1
39922,1
202071,1
127779,0
30633,1
122694,0
103386,0
130637,1
20255,1
158889,1
9152,1
39096,1
92515,1
116159,1
81789,0
128154,1
60241,0
131650,1
106812,1
188385,1
133510,0
54180,1
81810,0
162212,1
192673,0
211658,1
40053,1
97806,1
58620,0
154485,0
207847,1
70065,0
65634,0
103243,1
85954,0
40126,0
195221,0
177980,0
139663,0
209778,0
33568,1
11655,0
100517,1
76597,1
110208,1
76522,1
105195,1
90020,0
124742,0
148973,1
109579,1
53813,1
130687,0
125034,0
50571,0
207787,1
121709,1
173073,0
164351,1
184114,0
66333,1
63523,0
136970,0
154789,1
11210,0
184955,0
181781,0
148509,0
98633,0
164148,1
55509,0
13065,1
17637,1
112514,1
207435,1
121841,0
106339,1
5700,1
86504,0
158352,1
164146,0
195094,1
201061,0
5143,0
60346,0
22687,1
165689,0
143021,1
67466,0
48895,0
188722,1
61267,0
210524,1
112076,1
72055,0
114207,1
157003,1
138144,0
84479,1
91043,0
10587,0
81179,1
185935,1
167366,1
52685,1
197319,0
63304,1
123236,1
75498,0
177348,1
54261,0
124705,1
184621,0
64873,1
143377,1
188203,0
103961,1
113494,0
94915,1
209495,0
15437,0
166948,1
97579,0
151630,0
1192,0
126350,0
7890,0
173839,1
90789,1
16507,1
105553,1
29469,0
181480,1
67439,0
70499,0
205369,0
188017,1
46235,1
142942,1
131496,1
90204,0
106148,1
52136,0
197600,0
182289,0
177432,1
119058,1
9616,1
81349,0
140686,1
92590,1
120218,0
154897,0
202438,0
11674,0
3920,0
160919,0
46780,1
58484,1
22155,0
48526,0
82645,1
142550,1
171611,1
159639,1
71609,1
35956,0
159796,0
165443,0
117823,0
52150,1
195586,1
163708,1
202987,1
54572,1
37669,1
206420,1
197577,0
161218,1
86610,1
133173,1
179855,0
120719,0
192167,1
142377,1
13017,0
27974,1
51580,0
140762,0
197002,1
186489,1
4388,0
144446,0
20363,1
112095,0
198645,0
6948,1
148647,1
49631,1
130087,0
154013,0
52252,1
92232,0
139041,0
193658,1
23294,0
82323,0
9075,1
20288,1
163991,0
89344,0
137363,0
76958,1
82665,0
160805,0
123254,0
193313,0
101533,1
200271,0
138300,1
99054,1
76064,0
19995,0
191411,0
28179,1
32682,1
204925,0
123317,0
91036,0
208338,1
162563,0
51898,1
39659,0
186557,0
147511,1
169319,1
10515,0
191073,1
202436,0
192506,1
90274,0
56936,0
38815,1
33032,1
194672,0
2876,0
69255,0
80638,0
185544,0
127584,0
14194,0
99677,1
147419,1
197304,1
94972,0
205782,0
34293,0
88629,0
100639,0
41256,0
86756,1
12984,1
189147,0
111049,0
97801,1
175525,0
112332,0
169363,1
29204,0
156040,1
109677,0
189731,0
149944,0
202042,0
75061,1
61058,1
38161,0
127454,0
153141,1
185255,0
47023,1
123788,1
175975,0
153585,1
200991,1
103352,0
90135,1
152569,1
188306,0
139328,0
204620,0
13816,1
128702,1
140353,1
190668,1
61619,0
23503,1
52096,1
45513,1
82421,0
180059,0
24843,0
56179,1
153847,1
199893,1
111401,1
52783,0
92047,1
4481,0
95941,0
89323,0
172158,1
171738,1
157637,1
120323,0
127859,1
197356,0
91788,0
192631,1
10239,1
77144,1
196660,1
96670,1
73288,0
106664,1
115844,0
51980,1
61913,1
80420,1
187851,1
195822,1
144291,1
78974,1
163254,0
71866,1
56089,1
31791,1
39966,1
66828,0
57581,1
9117,1
172490,1
177598,1
18611,1
54904,1
155377,1
21403,0
58065,0
170929,0
179894,0
158956,0
190384,1
2514,0
198935,1
44970,1
210815,0
207476,0
199058,1
79390,1
53577,0
45085,1
156503,0
36792,1
145642,1
48461,1
20198,0
138256,0
202958,0
175307,1
37084,1
210509,1
187999,0
23527,0
167623,0
167648,1
84701,1
9856,1
18625,0
19074,0
59800,0
104560,1
194255,0
136194,1
183454,0
157332,1
204615,0
198416,0
56958,1
42780,1
43896,0
87825,1
94311,0
61409,1
122126,1
107865,0
117185,1
138043,1
49858,1
211144,0
210487,1
39330,1
137913,1
145296,1
89682,0
105422,1
187290,1
209127,1
31945,0
40619,0
18869,0
38187,0
98245,0
77021,0
157859,0
205915,0
46506,1
15476,1
65569,1
112815,1
143105,1
144961,1
120965,1
71540,0
180984,0
124886,0
119720,0
51549,1
161490,1
113456,0
73846,1
101191,1
154233,0
70342,1
30188,0
67372,0
136878,1
57129,0
118076,1
43627,1
44955,1
88826,1
167550,1
144907,0
5518,1
192365,1
62862,1
6628,1
158423,1
104672,1
46960,1
112512,0
160409,1
151530,0
85192,1
142032,1
35318,0
22682,0
203055,1
210330,1
48365,0
101950,1
95554,1
64900,1
199612,1
99304,1
144137,1
76198,1
3058,1
18550,1
79947,1
208169,0
183776,1
197265,1
54792,1
176078,1
9278,1
13963,1
125589,1
175276,0
113760,1
1035,0
87451,1
193237,0
83268,1
153282,0
185682,1
181751,0
178805,0
198143,1
203231,1
64581,0
38712,1
16005,0
36877,1
111645,1
46628,1
67395,1
26769,0
83221,1
191531,1
108690,1
49755,1
138929,0
41216,1
81790,0
193205,0
130243,1
187393,1
29298,0
96136,1
181991,1
172326,1
111946,1
147527,1
52725,1
158011,0
94549,0
16039,0
206675,1
162800,0
130813,0
189532,1
24527,1
15543,0
135037,1
75325,0
111249,1
205608,1
78342,1
39721,1
208184,1
78093,0
97,0
93948,1
196944,0
124390,1
201921,0
191248,0
108134,1
142398,1
65887,0
96071,1
92010,1
43234,0
160698,0
161468,0
181332,0
64288,1
15335,0
188307,1
160229,0
33850,1
60882,0
87760,1
61524,1
205703,0
59959,1
176755,1
193206,0
63233,0
204983,1
67421,1
104308,1
158648,1
177847,1
142384,1
41028,1
21034,1
45152,0
132425,1
89569,1
145835,0
73869,1
86392,0
80575,1
44029,0
193856,0
39385,1
26511,1
63830,1
154065,0
205225,0
1216,1
26062,1
206360,1
28026,0
186457,1
24081,0
83994,0
123576,1
187140,0
142286,0
61137,1
179875,1
153026,0
15916,0
130168,1
192774,0
138838,1
51614,0
141744,1
13967,0
178663,1
80782,1
59687,0
166848,1
117156,0
204371,0
167015,0
191306,0
23885,1
101852,1
158433,1
32733,1
35,0
74290,0
23074,1
143583,0
36605,0
41486,1
9250,0
9699,1
157765,1
206989,1
83939,1
144664,0
137112,1
17591,0
209806,1
146843,0
177803,0
135593,1
139569,1
26584,1
126402,1
145055,1
210682,0
133952,0
142048,0
208908,1
129194,1
13824,1
91508,1
139005,0
157270,0
186236,1
97305,0
163924,1
45986,0
161194,0
5152,1
66350,0
78063,1
144788,0
202325,1
24282,1
126038,0
68103,1
94474,1
177060,1
187951,1
84953,0
183427,0
24467,0
149745,1
173620,1
160518,0
42438,0
84695,0
82540,1
171175,0
157438,1
8058,0
181234,1
121947,0
125542,0
143618,0
184277,1
50373,1
56439,0
186726,0
169036,1
202105,0
155855,0
110881,1
156902,0
46047,1
172417,1
159409,0
112516,1
74243,0
167849,0
197414,0
93466,0
41371,0
180663,0
51083,1
41202,1
21303,0
58820,0
123619,1
13669,1
203022,0
79488,0
210568,0
65441,1
65738,1
130356,0
146773,1
170203,1
149882,1
128565,0
60671,0
109754,1
153937,0
5972,1
113702,0
82015,0
172645,1
50682,1
109877,1
181949,1
189190,1
112895,1
195084,0
65347,0
210763,0
157541,1
150680,0
20560,1
11640,0
112564,0
34644,1
70833,1
133563,1
90730,0
30834,0
90622,1
173994,1
135633,1
176838,1
69768,0
170103,0
44720,0
111350,0
43096,1
167388,1
120863,0
86039,1
87770,1
4461,0
200546,0
179794,1
70880,1
43283,0
184176,1
145979,0
147403,0
33150,1
5374,0
50633,1
209401,0
56147,0
185111,1
180670,1
100444,1
29153,0
165046,1
4632,0
183027,1
115908,0
189125,0
28850,0
153118,0
53615,0
188262,1
206796,1
33575,0
53407,0
24103,0
117756,0
188805,0
78998,0
70678,0
73624,0
107319,1
175902,0
33629,1
178141,0
168584,0
124080,1
23348,0
31611,1
109510,0
158708,1
54586,0
20617,0
122825,1
120324,0
31827,0
166448,1
149894,0
167308,1
6928,0
137042,0
197812,1
67946,1
177548,0
121202,1
67390,1
143584,1
120495,0
204852,0
117655,0
72932,0
186300,0
191787,0
97725,0
148328,0
162597,1
176900,1
57023,1
36480,0
39648,0
109163,0
130999,0
49282,0
159695,1
42007,1
48408,1
119858,0
147138,1
130566,0
104137,0
163379,0
62940,0
91534,1
206552,0
23140,1
122763,1
53904,0
176071,1
138092,0
173000,1
113009,1
122429,0
74115,1
20201,1
167433,1
51784,0
27716,1
82653,0
125803,0
4807,0
28119,0
78217,1
69940,0
186002,1
143917,1
7566,0
11550,0
168669,0
211891,0
18673,1
146140,0
176209,0
65833,0
130186,1
210270,1
209016,1
68424,1
62275,0
191815,1
122901,0
172731,1
175749,0
106537,0
101510,0
70470,1
182012,1
24036,0
50405,0
1716,0
139748,1
124193,0
91557,0
64552,0
50102,1
187906,1
94618,0
147830,0
151538,0
2231,1
95335,0
141137,1
198308,1
200359,0
49615,0
99721,1
205386,0
176995,1
99955,0
39621,0
124531,1
48454,1
51989,0
204577,0
79908,0
64812,0
43326,0
55550,1
105722,1
139881,0
34444,1
141558,1
43137,1
183256,1
4998,1
84876,1
160371,0
191686,1
116029,0
130692,0
23388,0
11340,1
179251,0
61279,1
53544,1
117201,1
132492,1
142018,0
103849,1
90116,0
27753,1
63026,1
178266,0
99797,1
196241,1
81825,1
49338,1
154716,0
120471,1
196633,0
52992,1
193161,1
190454,1
112510,1
75422,0
6623,1
147682,0
203127,0
122719,1
49545,1
28189,0
107532,0
94112,0
131502,1
91371,1
130127,0
189374,1
9294,1
208863,1
57374,1
178855,1
139147,1
136329,1
8459,1
168107,1
117419,0
146996,0
101098,1
114082,1
151498,1
61691,0
148321,0
87720,1
133993,0
125170,1
195272,0
22343,1
134112,1
132532,1
75319,1
117826,0
3775,1
198258,0
25549,0
204500,1
192971,1
65607,0
24785,1
143125,0
185968,0
47223,0
7149,1
27826,0
18916,0
105712,0
78929,1
140778,1
70129,1
93169,0
79049,0
190583,0
123563,1
5033,0
87426,0
130987,1
6788,1
7644,1
126117,1
75666,1
30253,0
48903,0
139255,1
174043,1
151658,0
73672,0
76903,1
52608,0
46596,0
5554,0
61772,1
84412,0
114868,0
158779,1
172554,1
43661,0
4400,1
46470,1
135137,1
185920,1
98624,0
22686,0
170397,1
86077,1
115311,1
6128,0
185034,1
49645,1
9614,0
51181,1
62512,1
35112,1
101125,1
205318,0
119778,0
176612,0
100013,0
81683,0
79875,0
58837,1
181924,0
74858,0
39479,1
77841,0
98717,0
107380,0
91000,1
28200,0
38920,0
193016,1
175670,0
59397,0
38707,0
79870,0
207536,1
193818,1
117258,0
12995,1
196199,1
167418,0
119709,1
113797,0
45372,0
173621,1
156986,1
102268,1
53995,0
101058,0
158178,0
96749,1
143661,1
68927,1
67534,1
26105,0
36816,1
173232,0
24116,0
5619,0
18230,0
26803,0
105961,0
126760,1
168525,0
97675,0
160307,0
173062,0
81530,1
94685,0
182920,0
140548,0
98229,1
35882,1
76505,1
23877,1
5046,1
71087,1
6695,1
209685,1
95094,1
44689,0
123602,0
123789,1
170349,0
137371,1
156350,0
130291,0
174019,1
34886,1
93686,0
109058,1
51179,1
124031,1
141629,1
58406,1
162019,0
11706,1
125120,0
73536,0
185387,0
20366,0
83661,1
20619,1
205363,0
67566,0
6687,0
75583,1
109291,1
161147,0
144413,1
45448,1
96868,1
131535,0
194805,1
191480,1
178445,1
29605,0
92729,1
92814,0
26276,0
184862,1
22636,1
47880,0
18118,0
169646,0
101865,0
148485,0
193529,0
186082,0
111058,1
150287,0
189428,0
50034,0
77017,1
19911,1
188670,0
149487,1
18922,0
19023,0
180513,1
49556,0
57780,1
137362,1
7356,0
43160,0
86082,0
29328,0
28129,1
156264,1
143053,0
14041,1
161422,1
51397,0
48111,0
36203,1
147991,1
30403,0
204921,1
185872,1
48242,1
163933,0
51262,1
183215,1
93288,1
33245,1
25571,1
164993,1
177957,1
71144,0
24810,0
90415,1
99398,0
165399,0
148834,1
172039,0
197328,1
2137,0
126732,1
211002,1
27477,0
3872,1
81816,0
141363,0
104348,1
47019,1
3461,0
115397,1
20477,0
56065,1
147745,1
57003,1
201335,0
87380,1
56930,1
78964,1
180132,0
200901,0
66299,1
184783,1
184838,0
140925,1
191733,0
201619,1
93581,1
203651,1
7293,1
36900,1
28963,1
101747,0
153486,0
146315,1
37659,1
117096,0
100096,1
68016,0
24984,1
37980,1
164090,1
9399,0
121412,0
170859,0
37501,0
47879,1
89146,0
46590,1
67347,1
152671,1
25346,1
57612,1
182378,1
128510,0
170960,0
197454,0
85328,0
209519,1
152633,1
88438,1
191508,1
63356,0
143554,0
161424,1
101298,1
87625,1
22200,1
186397,0
27694,1
4794,1
46931,1
44293,0
120731,0
81937,0
110097,1
185770,0
198786,0
110452,1
56462,0
128470,0
123466,0
143532,1
60789,1
156101,0
4764,0
51794,1
91380,0
114580,1
27856,1
205487,0
95524,0
186730,0
110930,0
193201,0
99086,1
181496,0
20625,1
76247,1
119386,1
63583,1
140902,1
176015,1
202860,0
10079,1
193551,1
43344,0
179208,0
128321,0
172737,0
44626,0
114278,0
54102,0
9507,1
37904,0
119731,0
176886,1
67183,1
177577,1
62834,0
82530,0
205003,1
17811,0
17995,1
61618,0
81763,1
118290,0
57987,0
72515,1
143782,0
199588,1
63359,1
200342,1
127466,1
89025,1
68722,0
61941,0
106282,0
150595,0
18279,1
61684,1
98292,0
12084,0
115582,0
108618,0
148418,1
136263,0
65342,1
81147,1
48378,0
14646,0
167642,0
192894,1
91847,0
121421,1
51791,1
154993,1
125497,0
114281,1
164400,1
77487,1
201654,0
11048,1
100495,0
130409,0
62602,1
95087,0
129821,1
63637,0
150476,1
41154,0
207930,1
93640,0
168504,0
44433,0
80100,0
97642,1
143175,0
182549,0
173056,1
123226,0
185586,0
4036,0
3880,1
173949,0
176750,1
127709,0
8175,0
199191,1
100748,1
69723,0
207045,0
186375,0
91017,1
10778,0
169892,0
43695,0
153219,1
59874,0
13572,1
193444,0
181723,1
10052,0
127108,1
192379,1
11498,0
41145,1
104008,1
78350,1
177928,0
164906,1
200926,0
173524,1
169525,1
200448,0
191358,1
45472,0
184474,0
144106,0
194008,0
163376,0
113223,1
11947,1
208623,1
30571,1
49212,0
6039,0
70409,1
33731,0
170671,0
104357,1
99760,1
95793,1
76130,1
94390,0
133695,1
112156,1
163425,0
84049,0
68473,0
125559,1
144232,0
204554,0
107754,1
57095,1
176802,0
32705,1
43144,0
43390,1
37989,0
120482,0
171007,1
19871,0
175043,0
169990,0
182707,0
25235,0
175981,0
156025,1
40918,0
189781,0
39857,1
119122,1
148353,0
211368,0
32813,0
192363,1
17422,1
153745,1
152644,1
119155,0
131801,1
145923,1
35958,0
185154,1
186646,1
69442,0
78348,0
18071,1
117955,0
103853,1
180895,1
98448,0
133758,1
208859,1
71832,0
196939,0
197171,1
99789,0
4949,0
146568,0
138801,1
174004,1
123614,1
55488,0
123014,1
151532,1
55793,0
144008,1
197559,0
89201,1
46299,1
209636,1
10535,1
203950,1
32626,0
149927,1
204444,1
64953,1
1566,0
198220,1
99349,1
33531,1
48913,0
46082,1
22090,0
87955,1
140398,1
113234,0
152462,0
49289,1
140879,0
83056,0
31345,1
121880,0
8113,1
132342,1
3573,1
126391,0
55404,1
148414,0
157173,0
211206,1
111701,0
97953,1
190605,0
131923,1
144343,0
24430,0
33681,1
122290,1
211109,0
174986,0
128084,0
85830,1
66576,0
80990,0
93144,1
163855,1
25113,0
38804,1
140965,1
179008,1
99633,0
97303,1
183449,1
146465,0
105869,1
131204,1
208608,1
70376,0
89758,0
118439,1
43417,0
26478,1
147621,0
111359,0
195938,1
55225,0
22154,1
159911,1
155138,0
77085,0
117994,1
167297,0
72158,1
116787,1
204426,0
154420,0
130430,0
108066,0
6860,0
745,0
31825,1
159051,0
35242,1
129999,0
192738,1
51206,1
185831,1
136808,0
142742,1
177215,0
119098,1
16183,0
65829,0
144066,0
42861,1
96782,1
6490,1
64673,1
72324,1
149784,1
81226,1
207486,0
89135,0
198546,1
99351,1
82254,1
160350,0
96911,0
189311,0
157373,1
18966,0
12223,1
36534,1
200488,1
10334,1
97807,1
85792,0
148326,1
46952,1
22760,1
178073,1
58108,0
54133,1
97504,0
19822,0
57351,0
114639,1
117332,0
138587,1
6668,1
68567,0
34576,1
196952,1
140290,0
767,1
95499,0
152303,0
210585,0
119233,0
184886,1
68430,1
124719,0
82016,0
168836,0
2874,1
92832,0
179820,1
10023,1
20582,1
47905,1
56343,1
119398,1
39270,1
125146,0
66716,0
84294,0
145205,0
125140,0
139003,0
146537,0
49096,1
112504,1
16030,1
176864,1
144425,1
129185,1
35382,1
21397,0
113846,0
65420,0
87944,1
72449,1
5829,0
111291,0
45567,1
170343,1
119089,1
2264,0
41854,0
195008,0
160768,1
193428,1
28944,1
124769,1
16730,1
145350,0
126838,1
121608,1
48440,1
17373,0
177000,0
174593,1
171079,1
57087,1
108881,0
28247,0
190486,0
211960,1
76425,0
96402,0
134147,1
13057,1
147509,0
160808,0
94208,0
198474,1
24481,0
154290,1
31438,0
118068,1
154568,0
185680,0
24936,1
196780,1
67058,1
35272,0
191452,0
124885,0
92860,1
102861,1
143616,0
107213,0
39341,0
200724,1
173258,0
199104,1
190793,0
161559,1
179108,0
102808,0
70573,0
174148,0
16111,1
175874,0
30782,0
51753,1
58562,1
126351,1
210677,0
80837,0
30067,1
148484,1
28616,0
176500,0
85042,1
20770,0
198783,1
183068,1
135072,1
142809,1
20403,0
94312,0
114027,0
52990,1
128706,0
156587,0
26218,1
112927,0
2045,1
73772,1
16433,1
168034,1
113124,1
2976,1
22792,0
193538,0
163789,0
173375,1
32358,0
136633,1
612,0
2066,1
150814,1
172500,1
58213,1
110008,1
2705,0
188869,0
50550,0
149795,1
145249,0
156596,0
69168,0
128041,0
143516,0
117416,0
207302,1
117540,1
63379,1
194804,0
152160,0
206483,0
9365,1
34104,0
67660,1
195314,1
17429,1
110602,0
80139,0
199898,1
21706,0
160907,1
130180,0
154436,1
87823,0
6936,1
130027,0
189904,1
92825,1
174137,1
190799,0
131999,0
35401,1
80037,1
77227,1
53632,1
152806,0
67541,0
123316,1
179646,0
36383,1
138244,0
55042,1
156945,0
53103,0
101336,1
128277,0
121240,0
28000,0
182401,0
179945,0
199731,1
102350,0
83885,1
90463,1
57878,0
108308,0
34005,0
136265,1
59642,0
88635,0
50667,0
35539,0
137144,0
89698,1
100249,1
178068,1
69520,1
172236,1
81803,1
210775,0
99687,1
90876,1
114817,1
75469,0
143090,0
29654,0
194185,1
138877,1
174839,1
190495,1
89508,0
69826,0
37583,0
205130,0
185869,1
117447,0
24256,0
169044,0
106686,1
189144,0
93636,1
103311,1
179351,1
8252,0
10854,1
71808,1
55674,0
193774,0
96223,1
126289,0
92973,1
46880,1
51486,1
110879,1
153358,0
157203,1
74131,0
84210,0
199233,0
38721,0
31129,1
92291,0
173525,1
63973,0
70989,1
113971,0
139709,0
125194,0
194764,0
123199,0
13408,1
101193,1
151101,1
86828,1
131852,1
105504,0
144045,1
54934,0
199649,0
133031,1
178491,0
49970,0
164430,0
64875,0
103490,1
81192,0
171935,1
63502,1
49662,0
135038,0
113507,0
84976,1
30793,1
138326,1
15643,0
188914,0
1395,0
92548,1
35908,1
63755,0
127908,1
83543,0
50953,0
35026,1
173917,1
68967,0
25683,1
158997,1
188423,1
211705,0
115437,0
11791,1
26885,0
133931,0
110104,0
78536,1
47744,0
174830,0
87950,1
83496,0
191845,0
174180,0
159034,1
23594,1
208604,1
53346,1
112823,0
45976,0
63926,1
118538,0
16470,0
202889,1
51421,0
200440,0
193269,1
204083,0
36229,0
186318,0
105955,1
26148,1
147837,1
54162,0
94245,1
202056,0
171585,1
27478,0
31893,0
175058,1
39793,1
141176,0
111772,0
21948,0
24161,1
199099,0
175743,0
201210,1
156933,0
118394,1
77786,1
1135,1
163649,1
123271,0
191821,0
71969,0
82167,1
32217,1
36344,1
190629,1
168648,1
121856,1
197324,0
130676,1
86452,0
211244,0
152589,0
207161,0
58151,0
85951,1
145334,1
140327,1
155661,1
156104,1
91034,0
176644,1
176662,0
147320,1
183618,1
187976,1
123891,1
183349,1
16428,0
56047,0
98258,1
48219,0
66302,1
40098,1
60840,0
34217,0
1678,0
103600,0
123958,0
122156,1
194219,1
122726,1
201423,0
131531,0
149822,1
127568,1
86705,1
151513,0
101964,1
159308,0
90835,1
55025,1
130585,1
43119,1
173067,0
112603,1
157162,1
132470,0
116419,1
136569,0
61388,0
209486,0
37201,0
859,1
85038,0
166145,1
112988,1
162003,0
208559,0
31818,1
16208,0
38078,0
178420,0
63645,0
36806,0
32567,0
191104,0
8615,0
114331,1
114990,1
89597,1
14943,0
65819,1
69800,1
69488,1
18506,1
101798,0
46902,1
139954,0
110439,1
102648,0
56223,0
106963,1
87935,1
133451,1
153079,0
193760,0
145443,0
73834,0
116254,0
57265,0
139664,1
127748,1
75157,0
6515,0
172682,1
60174,1
161183,0
179983,1
167167,0
143307,1
211602,0
81698,0
117272,0
156349,1
141191,0
126015,0
35183,1
50813,1
136504,0
42301,1
101724,1
37861,0
148172,1
211516,0
173529,0
95909,1
190863,0
179072,1
102667,1
163746,1
152941,1
192038,1
25898,0
1317,0
21046,1
121228,1
206098,1
56859,1
120960,1
205601,0
132087,0
59083,0
199793,1
12305,1
107770,1
77382,1
80035,0
111473,1
14249,0
136061,0
118587,0
140948,0
43911,0
88274,0
68449,0
86977,0
123933,0
35329,0
22507,0
197894,0
126000,0
140693,1
23471,1
144559,1
36422,1
182117,1
125843,1
87993,1
31632,0
127135,1
135488,0
66873,1
32370,0
57683,0
57935,0
158322,0
199375,0
86988,1
190006,1
64234,1
69484,0
110459,0
88533,0
35916,1
44092,0
175927,1
112137,1
51257,1
89029,0
60254,0
146970,1
211764,0
182063,1
117513,1
72738,1
116562,0
113592,0
20791,1
16080,0
10922,0
174511,1
190568,1
64929,1
187233,0
28280,0
176317,1
92775,1
167312,1
27862,0
129336,0
20006,0
125900,1
207196,1
20398,1
201054,0
3155,1
75661,1
138715,1
202846,0
137535,0
195705,1
9903,1
161324,0
14374,1
147081,1
138507,0
210644,0
30835,0
207544,0
175003,1
210785,1
105301,0
143050,1
66646,1
154522,0
53922,0
15962,1
82206,0
8883,0
127542,0
147492,1
202016,1
95152,1
88760,1
196573,0
2860,0
30061,1
180484,0
206384,0
205152,0
128930,1
59727,0
108090,0
82466,0
34660,0
74608,1
92776,1
86794,0
113793,1
80027,1
76655,1
39513,0
44287,0
24336,1
42989,0
133770,0
147916,1
47686,0
20728,0
101437,1
149461,1
161628,1
157904,0
171042,0
159554,1
181728,1
211816,0
173681,0
138766,0
203377,0
209972,1
152689,0
16013,1
52956,0
108406,0
167710,1
8634,1
108112,1
111062,0
72751,1
11034,0
92614,0
15866,0
133474,0
14120,1
200501,0
52632,0
204848,1
22602,0
49516,1
175460,0
149042,1
139403,0
193748,0
24563,1
151475,0
151161,0
192987,0
126810,1
44391,0
76431,1
24821,0
184712,0
152536,1
12381,0
140996,1
17665,1
12005,0
57330,1
197217,1
195682,1
45921,1
138649,1
107063,1
34298,0
8110,0
75060,0
176427,0
102540,0
88223,1
90228,1
126978,1
38092,0
19431,0
169372,0
25770,0
140518,1
21673,1
71349,1
22839,0
92992,1
97488,1
31462,1
3342,1
179561,0
191072,1
62668,1
45678,1
78540,1
10108,1
167914,0
37447,0
59969,0
113257,0
52788,1
69720,0
64171,0
90120,1
165291,0
56332,0
545,0
186596,1
183782,1
208066,0
202521,0
195946,0
19057,1
177774,0
172875,1
98509,0
204885,1
203356,0
190519,1
73501,1
95136,1
184630,0
69478,0
122362,0
133069,0
164940,0
145402,1
105477,0
128327,0
100951,1
87189,1
56609,0
76394,1
177779,1
203606,1
193764,1
153273,1
205372,0
4614,1
6468,1
206862,1
147006,1
72283,1
22204,1
102172,1
25108,1
158833,1
67165,0
136881,0
75798,1
149055,0
205092,1
73269,1
2913,1
179745,1
16816,0
185427,1
38648,1
125427,0
208837,0
83480,0
207407,0
86076,0
45327,0
208557,0
57864,1
157441,0
207859,0
12956,0
34462,1
79245,1
17488,1
154546,0
204935,0
55672,1
168954,1
171408,0
92356,0
140407,0
165547,1
110615,1
32310,0
136906,0
152874,0
192773,0
100994,0
143509,0
161332,1
94194,0
48402,1
50688,1
31105,1
53136,0
37097,0
14689,1
171748,0
40072,0
105692,1
71567,0
37677,1
162748,1
55981,0
84604,1
67975,1
55332,1
65606,0
173673,0
111369,1
92820,1
70355,1
170542,0
135443,1
111955,0
85592,0
1206,1
189128,0
190957,1
96085,0
95663,1
66948,0
118091,0
116853,0
153106,1
13504,1
49792,0
147293,1
155749,0
109192,0
183108,1
100117,1
177846,0
209645,1
23855,1
195770,1
14975,0
49984,0
89946,0
41921,1
110297,1
32730,0
135859,1
147153,1
108933,0
160904,1
42390,1
32371,1
17464,1
205548,1
107630,0
186194,1
174344,1
193228,1
5118,0
140108,1
8093,1
26593,1
124525,0
90408,0
197820,0
199027,0
983,0
3891,0
69252,1
123510,1
105676,0
85145,1
70614,0
186246,1
96766,0
115764,1
108722,0
145819,0
7333,1
17908,0
95682,0
131469,1
81378,0
108619,0
68983,1
64531,1
180910,0
149290,1
186048,0
114126,1
102337,1
6737,1
116806,1
12873,1
209389,1
3515,0
186140,0
33543,1
6800,0
43897,1
61052,1
152982,0
189297,0
112997,0
43260,1
139342,0
196642,1
111885,0
208239,1
202088,1
39131,0
31390,0
114259,0
162085,0
7701,0
8589,1
165145,0
7995,0
178850,0
161246,1
211178,0
20459,1
99334,0
157713,1
55502,1
65380,1
89447,1
163868,1
70067,1
13178,0
204525,1
9713,0
176132,1
139453,0
65457,0
24450,1
48683,1
96798,0
134589,0
178930,0
127726,0
170099,0
202442,0
83852,0
13905,0
107305,1
49729,1
134019,0
131223,0
58323,0
36009,0
193101,1
46629,0
83164,1
61355,0
65445,1
156392,1
125882,0
187107,1
190365,0
66660,1
137058,0
84535,0
182589,1
155864,0
56213,1
148450,0
63457,0
165060,1
145935,0
122051,1
81417,1
207070,0
42379,1
132490,1
188576,1
79892,1
206522,0
132338,1
20683,0
3250,1
35653,0
128089,0
25592,0
72256,1
198121,0
118858,0
150989,1
70197,1
32825,0
188835,0
134241,1
30544,0
140960,1
184372,0
102760,1
198818,0
117635,1
176626,1
199517,1
177271,0
5600,0
130827,1
209527,1
66624,0
195009,0
184919,1
60988,0
175899,0
779,0
14128,1
96664,0
127334,0
89403,1
14468,1
139659,0
73063,1
64268,1
120024,1
136392,1
204858,1
17103,1
5862,1
8586,0
92453,0
44708,1
207409,0
50446,0
9639,0
140434,0
42610,1
5746,1
48738,1
78655,0
203415,0
36694,0
74332,0
178735,0
184492,0
109230,1
175166,0
26111,1
133535,1
5092,0
164292,1
56365,1
114808,0
11472,0
5285,1
112643,1
193952,1
123816,1
133406,0
3520,1
149078,0
144010,0
127631,0
205131,0
125096,1
195382,0
176185,1
62679,1
23105,1
114963,0
39858,0
120376,1
125,0
89231,0
38826,1
119674,1
208733,1
160697,0
34429,0
145637,0
145943,0
207195,1
50579,0
15778,0
96342,1
4412,1
109974,1
116555,0
191681,1
204287,0
100419,1
199659,0
8486,0
126979,0
32029,0
157601,1
108850,1
61346,1
198924,0
140633,0
119459,0
136853,1
190337,0
81795,0
70895,1
152268,0
30234,1
129954,0
12521,1
46015,1
210800,0
148793,1
152476,0
35717,0
13442,1
72193,1
86727,0
156779,1
138133,1
122345,1
34209,0
57057,0
93323,1
175842,0
117856,0
43653,0
205166,1
98098,1
164185,0
105509,0
161186,1
110037,1
207437,0
116735,0
103699,1
178507,0
159039,1
186119,0
165784,1
11138,0
141242,1
125516,0
209772,1
126237,1
111439,0
159901,1
35941,1
28102,1
54529,0
178649,1
61135,1
198983,1
11010,0
45369,0
187688,1
50359,1
144912,1
177990,1
92100,1
15737,0
110529,0
19531,1
58784,0
40275,0
129356,1
8623,1
192386,1
104935,1
181553,0
63510,1
111798,1
31487,1
53800,0
210879,0
65019,1
131811,1
178636,0
168947,1
190403,1
5012,1
203632,1
63453,1
204145,1
166104,1
67523,1
51695,0
129936,0
50575,1
64433,0
166038,1
107959,0
112476,1
92852,1
211578,1
209489,0
10800,0
143746,1
63200,1
193694,1
107798,1
189555,1
168846,0
191042,0
177770,0
58924,0
72519,1
114869,0
128376,1
165360,0
185027,0
134688,1
69469,1
211026,1
176481,1
108584,0
175390,0
76075,1
206272,0
51348,0
80661,0
94189,0
34024,0
102423,1
183606,0
135040,1
204197,1
51716,0
9716,0
125155,1
21101,0
82587,0
110614,1
93391,0
180853,1
176636,0
36373,0
178045,0
69664,0
34870,0
23325,1
105825,1
111977,1
57114,1
26174,1
20780,1
210530,0
148208,0
36923,1
145804,0
204330,1
64845,1
177908,0
36867,0
8166,0
72516,0
82964,1
25605,0
52393,1
166301,0
209423,0
29909,0
15651,1
210449,1
33990,0
28575,0
371,1
126935,0
26683,1
144091,0
87641,1
211952,1
18986,0
47227,1
12999,1
104571,0
186416,1
9393,1
16603,0
194349,1
59679,0
21000,0
112731,1
149994,1
170010,0
45857,1
5282,1
49165,0
71061,0
148913,1
174912,1
76680,1
120065,1
104455,1
101554,0
179502,1
135031,0
47018,1
140180,1
86360,1
51093,0
143657,1
210839,1
14867,1
134251,1
111768,1
196862,0
121225,1
1307,0
118250,1
178560,0
171084,1
55177,0
126498,1
119794,0
183086,0
161105,0
11884,0
190789,0
65077,1
32122,0
10725,0
150898,1
85800,1
123617,0
181330,0
205309,0
11688,0
205680,0
203474,1
127256,0
62161,0
1613,1
51893,0
99033,0
35069,0
60975,1
99913,0
124592,0
94253,1
80226,0
136590,0
41405,1
95508,1
112092,0
40155,1
178926,0
72680,1
103801,1
41843,1
210750,0
154875,0
69030,1
158543,1
102961,1
206168,1
4884,0
168174,1
108264,1
108175,0
41356,0
181292,0
73161,0
90618,1
93643,1
180828,1
5308,1
42929,1
91360,0
134680,0
143740,0
170477,0
150464,0
146854,0
127216,0
208295,0
112687,0
38742,1
129117,0
101220,0
98968,0
46473,0
156021,0
81868,0
93720,1
182015,0
131638,1
99724,1
192293,1
7728,0
129450,1
9564,1
133483,0
198738,1
203171,0
74637,0
208489,0
70082,1
7223,0
150921,1
131388,0
11216,1
37301,0
166829,0
74832,1
190562,0
135728,0
48291,1
119867,0
29857,1
101892,0
206452,1
139777,0
116938,1
74485,1
11470,1
25517,1
124972,0
96297,0
32184,1
46592,0
17745,1
129176,0
54660,0
72203,1
166035,1
7300,1
165978,1
11943,0
202385,1
46549,0
165131,0
69771,1
14935,0
91850,1
202357,0
72455,0
136113,0
167255,1
121078,0
123492,0
11164,1
83428,0
142821,1
17186,0
143177,1
99239,0
195440,0
98888,0
166074,1
14708,0
73463,0
187337,0
4377,1
123232,0
115925,0
28859,1
18367,0
66759,0
147581,0
73065,1
134635,0
145995,0
140629,1
193941,1
125530,0
144608,0
195852,1
21421,1
190032,0
68941,0
91261,1
59623,1
134248,0
17767,1
111133,0
33269,0
35476,0
34141,0
99933,1
144006,0
70047,0
11976,1
29091,0
188632,0
101670,0
49932,0
171982,1
119742,0
120099,0
209824,0
150474,1
202574,1
79270,0
91297,1
112434,0
18102,1
75306,0
105605,1
70750,0
86034,1
206833,0
119343,0
202046,1
112741,0
34825,1
29734,0
102153,0
7128,1
91227,1
166837,1
2993,0
10030,1
27668,0
97086,1
118111,0
11506,0
99524,1
125982,0
25984,0
132812,0
2175,0
12970,1
33182,1
66016,1
80768,0
205681,0
129023,0
72923,0
156393,1
139844,1
186681,0
91901,0
154309,1
182683,1
135982,1
73620,1
98736,0
170124,0
206310,0
4825,1
158196,1
78908,0
25110,1
88027,0
76213,1
86731,1
118054,0
194921,1
19714,0
89851,1
22476,1
60111,1
73725,0
37878,1
165824,0
57753,1
85978,0
135131,0
136157,0
207559,1
76467,1
192198,0
173459,1
27229,1
76314,0
135834,0
60143,0
164744,1
99144,1
196677,1
151115,1
181971,0
122532,1
83080,0
127210,1
198293,1
93246,1
41831,1
90776,0
18717,1
15637,0
53661,0
57121,1
80371,0
105412,1
207279,0
177482,0
4860,0
199774,0
54265,0
190474,0
68614,0
75621,0
202178,1
206528,1
13439,0
10232,0
62074,0
90894,0
132373,0
118181,0
158645,0
323,1
188845,1
86225,0
190634,1
141264,0
167148,0
15414,1
91431,1
74075,1
146664,1
204327,0
56998,1
89320,0
151852,0
106135,0
127006,1
92351,1
80270,0
203945,1
9852,1
161003,1
108740,1
118584,0
14567,1
55106,1
26987,1
26256,1
57530,0
124647,1
122309,1
201086,0
80299,1
209038,0
12440,1
194961,0
73021,0
57088,0
156703,0
4103,0
147063,0
138420,1
56755,0
72216,1
38831,1
148504,1
163480,1
66936,1
115891,1
54871,1
25068,1
180338,1
88227,0
182258,0
61897,0
96991,1
69667,0
190129,1
16369,0
21953,1
91004,1
151722,0
40724,1
181712,0
3164,1
136023,0
84024,1
104474,0
74499,1
37767,1
188641,1
196854,0
85460,1
34242,0
143873,0
167643,0
22919,0
63309,1
146726,1
181699,0
75503,1
93684,0
76600,1
43789,1
181564,1
33795,0
25516,0
202007,1
45544,0
41444,1
79902,1
105746,1
175652,1
76602,1
69257,1
23363,0
125264,0
147569,1
79559,0
9076,0
149397,0
70791,0
34611,0
58190,1
122650,0
192236,1
182501,0
92634,1
146240,0
10648,0
178907,0
207005,0
1974,0
81982,0
55043,0
167684,0
141284,1
162878,0
92922,0
19361,1
29357,1
204406,0
205248,0
150257,0
34557,0
143027,1
143894,1
20250,0
106571,1
21558,0
167851,1
52656,1
42769,1
168020,1
205520,0
166955,0
186807,0
28660,1
176479,1
126205,1
148724,0
34887,0
181155,0
135409,0
22129,1
6149,0
193595,0
67422,0
57364,0
15533,1
57358,0
86058,0
154403,0
27682,0
167490,1
79286,1
5717,0
68923,1
177127,1
58337,1
192254,0
182344,1
39547,1
34884,0
82614,1
205957,0
182353,1
57051,0
110823,0
64039,1
74426,0
51923,1
177536,0
100989,0
151596,0
19817,0
136904,0
157589,0
2391,1
166379,0
9000,1
184231,0
171392,0
55385,1
119407,1
101527,0
146916,0
146598,0
11328,1
206677,1
148115,1
84188,1
193262,0
122859,0
133866,1
151929,0
38997,0
74339,0
127307,1
59791,0
205977,1
192828,1
129733,1
74579,0
111422,1
151636,0
7790,1
198448,1
136336,0
48489,0
84350,0
88495,1
182089,1
44591,1
176332,1
97299,1
90053,1
204344,1
89023,0
42952,0
47932,1
95100,1
29454,1
134610,0
111487,0
102346,1
186090,1
44810,1
96715,0
51330,1
135623,1
62710,1
110718,0
151434,0
149081,1
181834,1
80683,1
28819,0
178357,1
89372,1
201339,1
121812,1
133212,1
87856,0
193519,1
130251,0
130577,1
170489,0
202833,0
105171,0
125449,1
811,0
13335,0
187068,0
209117,0
145033,0
93385,1
55423,0
48144,0
209019,0
32278,1
99392,0
175395,0
52443,1
202294,1
210748,1
44443,1
156414,1
160126,1
138275,0
29025,0
88764,1
155037,1
26309,0
146038,1
149014,0
44733,0
19459,1
201361,1
86960,1
69555,0
145851,1
31526,0
187637,1
25253,1
6616,1
92213,1
53722,0
177388,1
135232,1
98219,0
185060,0
62098,0
29379,1
37063,0
116731,0
187130,0
15576,0
58249,1
2748,0
115511,1
80242,1
141357,1
53899,1
154189,1
128075,0
143122,1
35237,1
82801,0
81860,0
103121,1
68262,0
110273,1
9574,0
55971,0
48069,1
137266,1
199239,0
88911,1
206265,0
109121,1
44324,0
43846,1
85932,0
110257,1
182364,0
101425,1
183236,1
83058,1
211975,0
145290,0
65110,0
44656,0
138459,1
68591,1
164516,0
114301,1
40922,0
128445,1
85308,0
188999,0
101680,1
14187,0
126588,1
15067,0
2730,1
161165,1
192605,1
142506,1
64463,0
112348,0
109100,0
53439,0
67559,1
15799,1
97072,0
183416,0
105248,1
128723,1
179081,0
211176,1
61032,1
35083,0
101848,0
130419,1
158485,0
22488,0
210363,0
206463,1
172618,1
207420,1
123041,0
152388,0
82916,0
29053,0
165337,1
196174,1
4010,0
115104,1
124949,0
62972,0
164624,0
10397,0
94364,1
133036,0
52379,0
54010,1
125093,1
152727,1
18007,1
77246,1
64235,0
52287,0
7932,0
95942,1
15313,1
63409,0
155659,1
20460,1
114889,0
179090,0
37438,1
46768,1
22928,1
111953,0
76623,1
110493,0
184384,0
129131,0
104235,1
89175,0
145439,1
161045,1
181611,0
145803,1
145103,1
16022,1
181028,0
152242,1
167105,0
56717,0
1302,0
182911,1
180540,1
157867,0
173462,0
187837,1
130494,1
138913,0
58512,0
8920,1
648,1
8125,1
141424,0
124844,1
31234,1
166883,1
67783,1
41719,0
18452,1
91906,1
142272,0
198415,1
13558,0
176129,1
98654,0
133533,1
15077,0
36243,0
125178,0
4345,0
209478,1
46523,0
187838,1
130774,0
83942,1
174895,0
25919,0
138319,1
133113,0
184600,1
132223,0
177934,0
46890,0
109600,0
37140,1
26373,1
127401,1
85237,0
166962,0
176258,1
58122,0
138963,1
43311,1
24688,1
85396,1
110187,0
123858,1
101783,1
184709,0
169794,0
142401,1
135053,1
18172,0
87224,0
151133,0
53313,0
35976,0
26871,0
178143,1
75579,1
1621,0
20685,0
67659,1
68091,1
207323,1
11687,1
205257,0
12677,1
15029,1
61422,1
134379,1
179610,0
43090,1
148803,0
194515,0
75106,0
53002,1
77170,0
47110,0
158630,1
90994,0
104395,1
28977,1
69934,0
150054,0
208250,0
105424,0
177744,0
206811,1
46384,0
82199,0
33348,1
200023,0
192705,1
95239,0
207365,1
4634,0
199427,0
203763,1
152701,1
112251,0
120410,1
209187,0
94170,0
70695,0
34767,0
32391,0
112192,0
130094,1
164780,0
91570,0
125197,0
142741,0
145991,1
160637,1
122796,1
12332,1
31133,0
99070,0
21518,0
75934,0
79097,1
115433,0
73843,0
143420,0
182770,0
24149,1
207169,0
180796,1
114236,0
201252,1
56519,1
40492,0
30327,0
192739,1
67947,1
58553,0
12965,1
211149,0
78314,0
109680,1
194635,1
181255,1
129079,1
36445,0
49853,0
94410,1
43352,0
187941,0
71168,0
90704,0
150447,0
86091,1
194251,1
26717,1
81923,0
77509,0
105459,1
18037,0
160442,1
95991,0
191644,0
2536,1
1959,1
167039,0
10202,1
160939,1
171210,0
143711,1
93408,0
150645,0
189342,0
153214,1
205054,0
61402,1
12196,0
210645,1
111417,1
87695,0
23852,0
95009,1
34867,1
57960,1
101152,1
159005,1
194634,0
22110,1
77018,1
133576,1
111237,0
34757,1
128023,0
62875,0
154762,0
46360,1
147708,1
84106,0
162330,1
15524,1
201327,0
83265,1
23676,0
113555,0
116963,0
194284,0
172822,1
191124,1
159165,0
15442,1
168122,1
164797,0
172016,0
54520,0
79409,0
78555,0
209904,1
211468,1
71455,1
166784,1
109274,0
189498,0
130697,1
72243,1
201207,1
194612,1
39283,1
93769,1
202767,1
4282,0
40627,1
144399,1
6822,0
110631,1
93960,0
205960,0
69337,1
124000,1
9167,1
51090,1
166917,0
148983,1
36183,1
174628,0
88942,0
52405,1
98960,1
28501,0
41672,1
205049,0
159514,0
135632,0
27319,1
143085,1
8465,1
108482,1
187576,1
119528,1
27703,0
175686,0
139631,0
82722,0
86630,1
87458,0
165288,0
70887,0
147921,1
193124,0
158876,1
169984,0
43251,1
206471,1
27272,1
71999,1
198155,0
106156,1
170241,1
45236,0
94868,0
56579,0
81566,1
87017,1
118112,1
19065,1
87898,0
97453,0
193847,1
31005,1
202751,1
71552,1
111203,1
129969,0
204726,0
66291,0
28366,0
164677,0
109116,0
79571,0
134931,0
211362,1
27592,0
76821,1
193884,0
82191,0
91917,0
58779,0
77177,1
49903,0
57281,1
92308,1
151750,1
162010,0
132502,1
85919,0
38843,1
10984,1
167524,1
180710,0
190747,1
201738,0
58079,1
67899,1
16777,0
132746,0
106536,0
104004,0
123691,0
168777,0
48009,1
136730,1
183217,1
162458,1
166682,0
194238,0
16611,1
151300,1
36197,1
186743,0
154330,0
111282,0
101856,0
135629,0
21337,1
50021,0
84346,0
126031,0
58453,1
180385,1
181163,0
209994,1
167826,0
171613,0
171653,0
98320,0
203605,0
132031,0
50369,0
118090,1
53277,0
79498,1
17563,0
82300,0
121604,0
187294,1
44679,0
193709,1
54169,0
12939,0
147638,0
121233,0
77723,0
130111,1
79980,0
26323,0
182147,0
176001,0
172653,1
33012,1
74733,1
166671,0
137322,0
105006,1
79356,1
90662,0
193816,1
169878,1
164914,0
163995,1
64058,1
3714,1
109764,1
187709,1
46398,1
130919,0
29783,0
148157,0
114465,0
134046,1
52761,0
199090,0
51224,0
167708,0
92538,1
119945,0
94489,1
136575,0
32233,0
99365,0
87592,1
170798,0
129940,1
29458,0
27946,1
205584,0
151059,1
28091,0
180729,0
154816,1
170557,0
66186,1
427,0
76119,1
49506,1
112653,0
184153,0
118870,1
82332,1
6134,1
39198,1
187014,1
199912,1
85924,0
102463,0
134231,0
21712,0
64871,0
117177,1
97992,0
171943,0
124188,1
114944,1
46563,0
55688,0
162543,1
50900,0
165505,1
9696,0
131487,1
67594,1
164845,0
132264,0
198401,0
754,0
174717,0
34279,0
13013,0
102813,0
61289,0
44688,1
46141,1
104502,0
184018,1
173729,0
86952,1
127793,1
101824,0
173008,0
187641,1
116837,0
178386,0
45168,1
85013,1
6629,0
190094,0
29485,1
55796,0
205882,1
67693,0
25117,0
18812,0
149508,1
141628,1
163140,1
568,1
85058,0
69960,0
204460,0
25719,1
151336,1
62713,1
94755,0
51461,1
59609,0
2853,1
15351,1
84053,1
10652,0
74262,0
67383,1
203145,1
87886,0
185826,1
205871,1
76276,0
144152,1
169964,1
132467,0
192452,0
70236,0
199569,0
33260,1
121021,1
27462,0
125166,0
126887,1
117697,1
92781,1
156997,0
24042,0
121178,1
109824,1
76632,0
18128,1
148767,0
75743,1
10176,1
22027,1
165894,1
27962,0
136359,0
22398,1
137911,0
79582,0
1503,1
67102,0
147534,0
39637,0
120206,0
76934,0
88073,1
152893,1
111367,0
167398,1
112200,1
94313,1
90760,1
11217,0
3597,0
25602,0
166674,1
33222,1
142427,0
125828,0
188583,0
57369,0
2030,1
91669,0
157856,1
29740,0
19874,1
32333,1
30748,1
85727,0
23405,1
34382,0
102233,1
68187,0
53765,1
10485,1
4099,0
18048,1
53062,1
62088,1
10493,0
180035,1
165828,0
64476,0
104669,0
82887,1
118034,1
166309,1
160799,1
1097,1
56987,0
141078,1
32855,0
208943,0
12809,1
56904,1
28234,1
145470,1
154811,1
25135,1
209761,0
109720,1
151135,0
23158,0
71225,0
90048,0
161024,1
12648,1
138332,1
178455,1
101540,0
41696,1
10692,0
206170,1
103591,0
134784,0
75488,1
136687,0
104015,0
66587,1
82572,0
5585,1
203767,1
34547,0
184517,1
181228,0
11430,0
166518,1
21015,1
142729,0
196938,1
169266,1
128446,1
184580,1
65534,1
42721,0
117490,1
120903,0
115669,0
116227,1
178747,0
80469,0
169927,0
6765,1
104131,0
195729,0
40120,1
24800,0
157552,0
178790,0
196609,1
194977,0
12406,0
162538,0
122963,1
86884,0
36565,1
13635,0
66937,0
120877,1
104172,1
106505,1
107016,1
184511,0
52441,0
29955,1
175677,0
182593,0
82561,0
185033,1
8009,1
24255,1
121920,1
93771,1
187746,0
6477,0
37365,0
64420,1
66753,0
22981,1
106659,0
191168,1
130594,0
48047,0
108117,1
111204,1
169904,0
198679,0
192081,1
65556,1
32479,1
34336,0
99500,1
47912,1
121013,0
105830,1
138408,1
198195,0
174826,0
18586,0
1254,1
69699,0
26460,0
90891,1
167271,0
80020,0
65898,1
37068,1
89041,0
161245,1
81487,1
79789,0
192503,1
105540,0
190993,1
121941,0
151473,1
54859,0
121925,0
66647,1
10691,0
29856,0
178237,0
185345,1
141458,1
12702,1
159566,1
175826,0
19962,1
17381,0
133209,1
195178,1
156750,0
84498,1
166078,1
172014,0
118815,1
103130,1
40336,1
65089,1
74128,0
107979,0
50861,1
104757,0
77999,1
101520,1
1704,1
31054,0
72239,1
2855,0
47158,1
160265,1
124896,1
128956,0
2462,0
178922,0
45926,1
209291,1
152274,0
23688,1
26367,0
210512,0
60776,0
90626,1
43593,0
128649,0
10504,0
172558,0
105153,0
159322,0
210051,1
4878,0
120055,0
153853,1
38848,0
164013,0
170208,1
211316,1
4881,1
207163,1
74263,0
56699,1
179299,1
197608,0
4932,0
48772,1
19164,1
193936,1
69134,0
55814,1
173570,1
159055,0
92682,0
81731,1
45322,0
150772,0
144805,0
168195,1
132639,1
93375,1
90881,0
178835,1
3360,1
39783,1
16381,1
58400,0
4024,0
136766,0
24037,1
25646,1
64575,0
95299,1
86939,1
137120,0
65217,1
178868,1
192340,1
60869,1
200692,1
55284,1
3152,0
157574,1
163767,1
39167,1
23038,1
167102,1
81159,0
152068,1
10071,1
115046,1
109875,1
180605,1
189932,0
52948,1
37709,0
209813,1
98524,0
148380,1
15039,1
5876,0
162343,0
13086,0
114696,0
136283,1
65527,1
132831,1
111571,0
50486,0
81060,1
41132,0
73357,0
53318,1
94599,0
35128,0
96148,0
100476,0
185079,0
119536,1
154171,0
20804,0
84328,1
175227,1
69985,1
71337,1
176336,0
77886,1
116668,0
103463,1
142353,0
140487,0
127286,0
124532,1
133537,0
205449,0
168200,1
92266,0
20606,1
125714,1
49011,0
91979,0
104141,0
41392,1
209084,1
73366,0
49589,0
80607,0
93785,0
189550,0
15751,0
14084,1
72718,0
169347,1
17468,0
197157,0
90796,1
27087,0
178147,1
192419,1
185943,0
37821,1
186014,1
134192,1
102938,1
159638,0
16826,0
67780,0
123274,0
33979,1
10256,1
109401,1
130719,1
79690,1
70474,1
176453,0
112407,1
119484,0
73735,0
10270,0
202565,1
103360,1
85488,0
124730,0
44530,1
28626,0
48081,0
140848,1
178468,0
138282,0
122037,0
61574,0
60909,0
207460,0
30351,0
199228,1
91244,0
144711,0
197965,0
142444,1
952,0
184761,1
116295,0
166211,0
122675,1
137914,0
195717,0
166581,0
71770,0
76049,1
128092,1
107391,1
17268,1
194307,1
42627,1
151049,0
171429,0
197012,0
145379,1
30073,1
50612,1
123952,1
39951,1
47574,1
150243,0
201296,0
154087,1
201957,0
948,1
191264,1
61337,0
210087,1
155329,1
144519,0
96380,0
49441,0
159724,0
71329,1
113344,0
37842,0
142218,0
94329,0
207831,1
70615,1
92172,1
101923,1
198708,1
124306,0
163839,0
159870,0
8619,1
56458,0
1294,1
166149,0
135170,1
40273,0
115930,0
46453,0
179871,1
45846,1
66766,1
22678,0
4606,1
75349,0
96927,1
94013,0
50645,1
190735,0
99860,1
122742,0
144420,1
191844,0
147945,1
139726,1
52225,1
191592,1
152557,1
149023,1
19185,1
202043,0
53148,1
113963,0
209641,1
3538,0
124910,0
156619,1
76813,1
185078,0
1519,1
84319,0
103307,1
26432,1
62327,1
51531,1
93634,0
164346,0
72777,0
2543,1
94080,1
101433,0
25695,1
72957,0
117409,0
117276,1
138407,0
63430,1
209465,0
128420,0
193580,0
132421,0
111531,1
201884,0
130805,1
19899,1
102267,0
92556,1
177295,1
114670,0
208493,0
102684,1
182454,1
5861,1
35364,1
156972,0
137129,0
52505,1
182701,0
19774,1
61724,0
92481,1
201962,0
136060,1
129997,0
36293,0
150360,1
44687,1
208141,0
161575,1
23108,1
203810,1
40694,0
136135,1
186550,1
156618,0
16945,1
125187,1
29262,0
106927,1
163327,1
200027,1
115564,0
67239,0
93280,0
71216,1
59006,1
145706,1
189761,0
55327,0
9017,0
106445,1
113129,1
152150,0
194397,0
134246,0
101138,1
5656,0
53855,0
138530,0
128117,1
120177,0
29730,0
144142,0
181530,0
126114,0
151883,1
172802,1
109275,1
211386,1
40900,0
70234,1
148736,0
156734,1
52054,0
11871,1
205577,0
78569,0
43864,0
110473,0
59423,0
21134,1
47925,0
137907,1
127014,1
32704,0
146333,1
94838,1
186072,0
156296,1
95768,0
135551,1
164710,1
163841,0
80822,1
156813,1
81030,0
201313,0
114995,1
97831,0
38570,0
114853,0
152109,0
194934,1
119100,1
202307,1
187957,0
31651,0
67711,0
162177,0
172341,1
68201,1
207280,0
208138,1
137368,0
49394,1
64707,1
94840,1
153213,1
7783,0
150175,0
77947,1
200579,0
40314,0
180426,0
201554,0
112034,1
181044,0
122325,1
179050,1
55425,0
180052,0
594,0
172465,1
149861,1
95843,1
26673,0
160694,0
15157,1
182831,1
92754,1
199458,1
106185,1
200983,1
201869,0
42539,1
191008,1
132186,1
169283,1
87238,0
25618,1
32668,1
201457,0
199272,1
152374,1
210207,0
167094,1
184546,1
173205,0
171204,0
188634,1
58492,0
72097,0
154597,0
163247,0
65581,0
58387,0
106487,1
138130,0
142142,1
144534,1
139942,0
187530,0
89617,1
93669,0
168178,1
154040,1
80269,0
121229,1
103179,1
140306,1
36201,1
183216,0
188981,1
85892,1
132006,1
153477,1
43213,0
209365,1
184949,1
109718,0
158550,0
122446,1
72938,0
152114,0
36747,0
164757,0
149475,0
91970,0
131666,0
71903,0
189872,1
16787,1
189368,1
4654,1
163636,1
153180,1
110680,0
200487,1
163436,0
79953,1
77945,0
122081,1
133959,0
90124,1
62265,1
90983,0
3435,1
96452,0
123392,1
123382,1
130888,0
99889,0
159057,0
106119,1
200426,0
10766,0
125960,0
13124,0
70030,0
111200,1
207535,1
44388,0
88352,0
116219,1
144490,0
74297,0
26054,1
150029,0
2629,0
10435,0
154843,1
104323,0
40294,1
53077,1
50327,0
25873,1
86675,1
95625,0
115118,1
21254,0
167624,0
129394,1
30039,1
187328,0
117850,0
24722,1
120772,0
91651,1
135404,1
94572,1
157103,1
62118,1
139961,1
151433,1
8596,0
34690,1
107554,0
184911,0
52408,1
51936,0
21753,0
156558,0
52229,0
121345,1
89218,1
51457,0
35442,0
76675,1
177597,1
15918,0
17802,0
192132,0
104545,0
9118,1
121227,0
55069,1
167276,1
167446,0
160429,1
103357,0
50138,0
87058,1
30859,0
63239,0
67687,1
19686,1
53809,1
95616,0
41314,1
57635,0
121700,0
67475,0
141522,1
41886,0
130414,1
204195,0
123115,0
167375,0
115865,0
30126,1
174581,1
34968,0
169248,1
199369,0
14326,0
175880,1
13116,1
114025,0
80409,1
76353,0
170652,1
141630,1
209713,1
44503,0
40916,0
119447,1
53796,1
141032,1
101190,1
18679,0
19335,1
18848,0
3723,1
45495,0
78396,1
164099,0
53913,0
62313,1
131649,0
45955,1
164562,0
189612,0
205126,1
169691,0
205728,0
110782,0
15251,1
90829,0
146070,0
157984,0
151150,1
62091,1
132844,0
97139,1
17065,1
16259,0
92353,0
108488,1
45630,0
6174,0
118193,1
111646,0
58659,1
26772,0
88705,1
200578,0
40152,1
137641,0
66176,1
128444,1
146974,1
153239,1
63194,1
114532,0
141142,1
123978,0
42213,1
85481,1
88590,0
188780,0
63318,0
40301,1
50127,0
52440,1
139574,0
191086,0
79103,1
194012,0
149896,1
101954,1
201830,0
79566,0
21679,0
193483,0
63399,0
178339,0
170729,1
176084,1
61829,1
206405,0
175859,0
29038,0
197536,0
1667,1
83359,1
44814,1
17919,0
39347,0
188964,1
185765,0
47311,1
95601,0
30823,1
206169,1
179618,1
71619,1
53019,0
165136,0
61194,1
28989,1
183178,0
17963,0
85535,1
143417,1
113315,0
197426,1
65759,1
4742,1
5794,1
102625,0
30395,0
118960,0
35665,1
198769,1
3754,0
57285,0
35350,1
177893,0
146806,1
39679,0
188777,0
127971,0
154549,1
44084,0
52966,1
62338,0
111594,0
107247,0
124752,1
96933,0
6562,0
182167,0
11428,1
130377,1
208154,0
176622,0
128684,1
101696,0
3327,0
9310,0
173493,0
34186,1
31037,1
32651,0
21769,0
13383,0
99046,1
36438,0
183648,0
101452,0
50063,0
12697,0
148974,0
99600,0
91921,0
100841,1
37262,1
163197,0
211120,0
159626,0
198267,1
164896,0
203450,1
147084,0
9509,0
155586,1
79204,1
198269,0
206723,1
74581,1
35549,1
148847,0
24824,1
102611,0
56432,0
87101,1
210144,0
154440,0
147755,0
112619,0
153819,0
206745,1
140159,1
169063,0
105381,0
71954,0
117939,0
68358,0
9842,1
181424,0
203190,0
186010,0
13461,1
175668,0
34953,1
40960,1
131089,0
130906,1
45239,1
92641,0
42051,0
143594,1
152672,0
35266,1
171393,0
195829,0
137416,0
148914,1
133257,0
188074,1
157119,0
113561,0
124510,1
74337,1
2665,1
50161,0
165029,1
35446,1
163351,1
131237,1
205818,1
3693,1
185316,0
150020,1
190966,0
14979,1
67455,1
25081,1
189098,0
33619,1
140787,0
41759,0
67182,0
145511,0
72591,0
94717,0
107120,1
59381,1
64740,0
161227,1
155092,0
19592,1
202735,0
139204,0
175956,0
143789,0
211452,0
26846,0
204651,1
114968,0
92381,0
85973,0
76943,0
90780,0
20793,0
156780,1
104603,0
108057,1
67900,0
193048,1
180542,0
175845,0
39326,0
33046,1
19865,1
75482,1
131934,1
89379,0
89993,0
23712,1
47144,1
46718,1
194414,0
16554,0
125284,0
164045,0
102955,1
202543,0
136783,1
181256,1
5594,0
163947,0
26608,0
115771,1
147053,1
91819,0
100263,0
36059,0
175548,0
155460,1
63428,1
120728,1
179350,1
100187,1
71582,0
168130,1
24246,0
70086,1
32330,1
67567,0
158932,0
208704,0
33744,1
170061,1
157605,0
145983,0
70518,0
22838,1
152252,0
70681,1
39069,1
100068,0
13911,0
198320,0
11235,0
27531,0
313,1
61445,0
190350,1
114305,1
162256,0
250,1
90341,0
89480,1
67578,1
153392,1
111718,0
117110,0
107246,0
136255,1
107621,1
33298,1
151116,0
100045,0
115531,1
71795,0
84542,1
95443,1
197204,0
161752,0
74360,1
178416,1
33278,1
192601,1
61939,0
170637,0
98499,0
105318,1
205682,0
127292,0
174204,0
74716,0
54900,1
119403,1
50278,0
163513,0
99664,0
8063,1
102449,0
160490,0
44178,0
206159,0
32005,1
173368,0
204165,1
164862,1
4615,0
6203,0
110925,1
74212,1
196886,1
185006,1
23680,1
123468,1
183780,0
116819,1
63664,1
90180,0
7961,0
4075,1
194905,0
31974,0
159732,1
164531,1
102911,1
193062,1
145914,1
127719,1
116088,1
51213,1
137056,1
204432,1
65824,1
141707,1
81265,0
55067,1
16990,0
195568,1
162040,0
79975,1
138725,1
101091,1
132567,0
68346,1
167199,1
199959,0
45883,0
4782,1
181262,0
45330,0
25163,1
120565,1
129891,0
135564,0
57424,1
54960,1
85576,1
159017,1
195273,1
77625,0
136069,1
31527,1
187333,1
117603,0
149761,0
155487,1
51384,1
149325,1
46687,0
111075,0
181871,0
2507,1
72309,1
105535,1
131510,1
123728,0
118544,1
115020,0
19178,0
93045,0
108012,0
195796,1
15021,1
173505,0
44165,0
75556,0
186748,1
12725,0
96898,0
58739,1
81274,1
193776,1
147705,1
23675,1
161722,0
86263,1
38293,0
120835,1
194421,0
101872,1
115781,1
174969,0
92236,0
37479,0
79083,0
78867,0
209902,1
24869,1
122077,0
182511,1
123423,1
129850,0
9939,0
188130,0
123766,0
155425,0
10534,1
136699,1
205343,1
48427,1
39580,1
148133,1
1214,0
121369,1
56352,1
54486,1
159319,0
148022,1
42096,1
66510,1
30696,1
100452,0
82245,0
18446,0
30936,0
134336,1
210176,0
156532,0
5183,0
74378,0
93749,0
208513,1
72170,0
201524,0
140156,1
30374,1
31343,1
176423,1
24572,1
40637,1
149526,1
135732,1
31722,0
34068,1
90133,0
176269,1
24743,1
55815,0
33250,0
168325,1
152554,0
43775,1
155848,0
80479,1
112746,1
144690,0
133855,1
173671,0
198218,1
107032,0
204333,0
70311,0
109495,0
114150,1
192983,0
117511,0
23155,0
99051,0
82730,1
124273,0
23436,0
147550,1
55923,0
18165,1
8197,1
205235,1
204272,1
138734,0
202078,1
100799,0
74158,0
76662,0
56268,1
90477,0
87727,1
27352,0
80164,1
26588,0
155409,0
142627,0
49177,0
20039,0
210035,1
74436,0
31448,0
66387,0
159297,1
136879,0
71310,1
19418,0
189383,0
102560,0
121335,0
71037,1
210782,1
181198,1
75407,1
76480,0
110995,1
3256,1
139926,0
120725,1
123252,0
161262,1
110801,0
146751,0
134069,1
75623,0
205708,1
141021,1
58933,0
52905,1
203842,1
20696,1
210853,1
184878,0
28131,0
165681,0
207450,0
120668,0
80098,1
137694,0
130358,0
145963,0
204603,1
183650,1
84213,1
13492,1
57927,0
43611,1
47505,0
80206,1
45715,0
48500,0
191940,1
53499,0
167351,0
195137,0
56208,1
73962,1
168754,1
172894,0
186674,0
4347,0
43203,0
15813,1
125742,1
54554,0
198376,1
194500,0
129383,0
106044,0
54786,1
146958,1
105911,1
151318,1
30636,1
121244,1
83607,0
77271,0
164015,0
145461,1
184391,1
56182,0
105176,0
54784,1
120667,1
74010,1
154494,1
116320,0
164118,1
178476,0
5260,1
199500,0
16724,0
127547,0
13740,1
47512,1
9495,1
170948,1
45556,1
187187,0
25275,1
122563,1
101103,1
164539,1
204839,0
151873,1
69165,1
191586,1
5154,0
60818,0
14499,1
45124,0
8354,0
20832,1
112289,0
206929,1
148641,1
137471,0
182517,1
147608,0
138710,0
28505,0
142339,0
57721,1
122308,0
141480,1
44387,1
67640,0
113324,0
206097,1
6302,1
177148,0
63697,1
19372,0
869,0
74895,0
204976,0
125482,0
18918,1
84110,0
70062,0
72123,1
195238,0
208473,0
35009,1
155078,0
114601,0
180633,0
132739,1
98830,0
161263,0
145155,0
51842,0
93967,0
158124,1
45951,1
71175,0
202514,1
67323,1
127124,1
3870,1
88361,1
19205,0
205302,1
178958,0
162157,1
46044,0
153834,0
75078,1
25204,0
154530,1
116244,1
38185,1
124454,0
179658,0
186852,0
100037,1
194112,0
56514,1
136450,1
138753,1
57882,1
28526,1
190381,1
44883,1
186729,1
7294,0
81280,1
18800,0
193221,0
171027,1
47159,0
103091,0
45755,1
69785,0
17634,0
157102,1
2750,0
208275,0
67625,1
200144,0
195375,0
35286,1
105199,0
163887,1
16122,1
199420,0
48361,0
194606,0
182082,0
60371,1
95638,0
57029,1
460,0
139820,0
54640,0
5874,1
150159,0
41159,0
8351,1
55752,1
26065,1
175985,0
64682,0
84827,0
145171,0
70385,1
146644,1
71445,1
22657,1
133046,0
104847,0
140214,1
113040,1
126030,1
211510,1
136213,1
208801,1
188582,0
82249,1
183978,1
15528,1
192583,1
38500,1
34892,0
72567,1
147961,1
198221,0
206551,1
97109,1
156126,0
164052,0
10986,0
191633,0
45982,1
68353,0
114913,1
197384,0
23823,1
111607,0
140142,1
165252,1
76358,0
137338,1
133469,1
121960,1
35017,0
93726,0
186444,1
166207,1
169191,0
77707,1
130645,1
88562,1
187791,0
20042,1
3583,0
37798,0
149203,0
194334,1
72607,0
148236,1
11708,0
70946,1
211791,1
155265,1
50623,1
175422,0
116996,1
205047,1
86341,0
60692,1
100873,1
54664,1
135374,0
69899,1
103668,1
14134,0
103879,0
47026,1
181464,1
7459,1
54636,1
178729,0
71868,0
123868,1
167785,1
53259,1
28267,1
73244,0
25467,0
63351,0
108794,1
192916,0
24914,0
85483,1
179754,0
170597,1
55337,0
188227,1
160893,1
33520,0
181950,1
142050,0
54203,0
63783,0
137883,0
113611,0
157855,0
145506,0
10940,1
130420,1
201367,0
163825,0
174580,0
137625,1
7936,1
201752,1
101398,0
134002,0
57444,0
111157,0
143010,1
90250,1
193682,1
193574,0
8242,0
9935,0
124216,0
68863,1
82763,1
102373,1
106751,0
26498,0
11137,1
190992,0
172510,0
169049,1
2221,1
37617,1
119266,1
104724,0
2009,0
52162,1
22196,0
35436,0
38518,1
44596,0
4459,1
183032,1
54954,1
207652,0
25125,1
76278,0
206162,0
115994,1
208437,1
2056,1
185740,1
47474,0
81931,1
153873,0
60033,1
107508,0
59796,1
207706,1
59855,1
7455,1
139338,0
104597,0
199806,0
93887,1
210014,1
66174,0
119428,0
85596,0
158506,1
153303,0
60016,0
132952,0
61858,0
42828,1
58686,1
105026,0
10483,0
196182,0
64116,1
158950,1
137697,0
102953,0
140503,0
4285,1
172119,1
42525,0
120194,0
173265,0
104254,1
207839,0
12653,1
52116,0
150906,1
157257,1
65064,0
89030,0
25134,1
115672,0
30031,0
103414,0
52094,0
8523,0
19904,0
173819,1
166842,0
70789,1
84504,0
188038,0
147761,1
173721,0
161584,1
88907,1
152566,0
26308,1
110329,1
47417,0
123807,1
19457,0
75533,1
44501,1
7529,0
79805,1
96835,0
84310,0
109050,1
44108,1
136894,0
125211,0
56691,1
73519,1
153205,0
137720,1
117731,0
25392,1
39554,1
118402,1
172693,0
154959,1
5414,1
191735,0
143137,1
35957,1
113565,0
201492,1
6763,0
151156,0
31347,0
42888,0
94586,0
130746,0
105813,1
62776,0
51647,0
3593,1
202215,1
123369,1
64448,1
78631,1
194529,0
211737,0
9425,0
127119,1
207966,0
104667,1
105456,0
12071,0
126070,0
51334,0
126866,1
23627,1
193001,1
209089,0
176878,0
158370,0
123705,0
165279,1
144947,1
37551,0
145632,1
56808,1
85846,0
62974,1
209406,0
18298,1
141816,1
210874,0
152999,0
30997,1
152395,1
54567,1
95112,0
202821,0
6957,1
69769,1
151935,0
130039,0
45198,0
77800,1
55066,0
76874,0
105000,0
22755,1
177270,0
5034,1
99150,0
95851,1
148421,1
96146,0
184181,1
157732,1
139908,1
110818,1
140356,1
127947,1
205472,1
172846,1
36036,0
97318,1
81672,1
52737,0
31894,0
145561,0
99434,0
111720,1
104250,1
174166,0
135111,1
110200,1
46522,0
199538,1
98172,0
158639,0
140210,1
115888,1
140104,0
7965,1
190382,0
67486,1
196301,1
197428,0
141135,1
73782,0
169421,1
10667,0
85629,0
190143,1
194383,0
206386,0
161494,1
12814,1
87679,1
6926,1
5963,1
33450,0
210383,1
107189,1
7573,0
176601,0
44258,0
178017,0
3079,0
29962,0
181098,0
190366,0
38289,0
85514,1
107607,1
85373,0
129811,1
5035,0
78693,1
147328,1
154706,0
154264,0
1224,0
50371,1
95575,0
127028,0
32880,0
186003,0
209208,0
94159,0
112408,0
124457,1
178630,1
110511,1
179279,1
110567,0
141577,0
106205,0
93629,1
62071,0
75541,0
192485,1
117952,0
64827,1
182183,1
155182,0
86183,0
109039,0
164670,1
170680,0
190810,1
110401,0
46266,1
136875,1
92184,1
21229,1
184540,1
69789,0
81668,0
127760,1
176405,1
28092,1
35068,1
92195,1
76772,1
43631,1
15113,1
52130,1
127563,0
3721,1
42245,1
114058,0
129983,0
73641,0
94035,0
117259,1
2144,0
158560,1
80890,0
108230,0
6663,0
39293,0
134521,1
34393,1
162222,1
4938,0
102332,0
96086,0
161903,0
75600,1
125697,1
174067,1
101532,0
43539,1
47266,0
119890,0
112341,0
80367,1
162150,0
108843,1
45895,0
108321,1
11503,0
114877,1
80476,1
54892,0
67178,0
99872,0
81533,0
169820,0
59147,0
73589,1
144678,0
120321,0
205139,0
90181,0
56976,0
14592,0
185354,1
176287,0
66200,1
1934,0
206061,0
103917,0
108036,1
116839,0
15932,0
123301,0
139952,0
131043,0
211940,0
40927,1
140680,1
43242,0
155517,0
75582,1
86857,1
53613,1
133450,0
6197,0
105109,0
80917,0
169430,1
117483,0
206758,1
78012,0
190830,1
205929,1
166263,1
27230,1
4749,1
94954,1
153809,0
141921,0
183225,0
133118,1
210015,0
85670,1
189587,0
193083,0
11258,0
136603,0
100981,1
80504,0
44273,1
198574,0
32385,1
164085,1
209668,1
80280,1
43236,0
150033,1
186098,1
168139,0
75353,1
41701,0
82192,1
65697,1
133902,0
189815,0
165272,1
146871,1
203247,0
22385,0
138390,0
96335,0
9101,0
91322,0
59365,0
112375,0
5819,1
115873,1
189089,0
143159,1
105316,0
17877,0
147658,0
149984,0
26262,0
37813,0
42060,1
109,0
102341,1
153334,0
67908,0
209454,0
202933,1
66707,0
16710,0
94011,1
60335,0
189871,0
205955,0
70233,1
1201,1
199739,0
160563,0
77949,0
180049,0
208897,0
132026,1
21396,0
35250,1
208769,1
82252,1
200570,1
118979,1
10100,0
34002,1
170611,0
38855,0
133565,0
37797,0
110138,1
59159,0
100109,1
122894,0
51415,0
75596,1
80949,1
26017,0
88819,0
126073,1
5730,1
193662,0
154751,1
158424,1
25966,1
91653,0
168568,0
102642,1
39849,0
121974,1
95668,1
211387,1
192821,1
152426,1
188675,1
62336,0
135602,0
204844,0
18205,0
207590,0
100588,1
78790,0
135778,1
127332,0
86450,0
119071,0
211922,1
72144,1
58286,0
178182,0
7238,1
178187,0
89474,1
78877,1
152530,1
97396,0
48878,1
178406,1
84012,1
55210,0
69560,0
139445,0
170803,1
179848,0
2580,0
119448,0
201488,0
77627,0
206130,1
125196,0
42208,0
194215,1
65954,1
43883,0
101595,1
135557,0
42266,0
90832,0
15303,1
128872,0
4379,0
42099,0
22231,1
80542,1
2769,0
43645,1
108776,1
54193,0
162635,0
177821,0
175257,0
186230,0
116173,0
103481,1
195905,1
200016,0
73210,0
164927,1
33305,1
36467,0
102491,1
209797,1
151269,1
96262,1
210691,0
660,1
17469,1
123442,1
138379,1
150553,1
19638,0
79761,0
19893,1
10444,0
19474,1
111117,0
151756,1
45740,0
16925,1
13607,0
120372,1
48882,1
108871,1
151260,1
68437,0
96246,1
131407,0
77871,0
163838,1
145,1
57484,1
188390,1
37694,1
194247,0
4956,1
200430,1
67379,1
94453,0
164584,0
25622,1
66281,1
130139,0
179682,0
180389,1
209710,0
135572,0
43052,1
139580,0
198418,0
132978,1
9502,0
29462,1
198794,1
62967,0
144350,1
31289,0
202748,0
7667,0
99734,0
169086,0
76884,1
8048,1
183568,0
192402,0
169231,1
83465,1
194117,1
3670,0
61539,0
49333,0
153901,0
88780,0
185542,1
126599,1
205673,0
441,1
74638,0
174873,1
99296,0
37742,0
17938,0
191001,0
40549,0
97527,1
102487,0
10155,1
58599,0
115262,0
106972,1
33200,0
122838,0
100659,1
114617,0
200947,1
8979,1
143208,0
30703,1
112980,0
191304,1
151460,1
162990,0
49450,1
154453,0
74978,0
149874,1
94928,1
31084,1
71319,0
110996,1
73103,1
203442,0
168993,0
140598,1
98297,1
41849,0
158078,0
210999,0
119017,1
11184,1
111403,1
43654,0
80708,0
80856,0
166719,0
106010,0
1838,1
191811,0
69995,0
193876,0
44607,0
159295,1
149797,1
110189,1
167485,1
55443,0
201401,0
151932,0
192524,1
184673,0
152797,0
182400,0
118453,0
56273,1
18641,1
192156,0
179788,0
174084,1
52881,1
158416,0
94914,0
159212,0
44278,0
140431,0
53690,1
182700,0
24814,1
109454,0
21431,1
153270,0
186761,0
193742,0
8821,1
203285,1
75885,1
165372,0
32386,0
123345,0
87093,0
123486,0
59327,0
93594,0
108818,1
77832,0
47598,0
13939,1
186081,0
166557,0
130462,1
126469,1
211032,1
94905,0
154237,1
125042,1
26830,0
139439,0
100279,0
177885,1
130334,1
88744,1
129229,0
17652,0
200860,0
59499,1
76983,1
37633,0
19317,0
55605,0
48577,0
9045,1
201586,0
138864,1
39059,1
16204,0
147516,1
183495,1
56615,0
4289,1
194310,0
156988,1
116313,1
101678,0
33706,0
152888,0
196257,1
50422,0
176868,0
130249,1
66077,0
60969,0
54770,0
201894,0
58452,1
182830,1
31460,0
66369,0
173768,0
178369,0
42341,0
105922,1
178807,0
197530,1
104487,1
147324,0
97838,0
73156,1
204687,0
113562,1
196653,1
79012,0
2438,1
201094,0
3301,1
74042,1
164653,1
179307,1
46911,1
200203,0
117174,0
174390,0
67597,0
76212,1
78583,0
175549,0
124024,1
100585,1
74318,0
15945,0
177121,0
189254,1
194666,1
157485,0
53834,0
48100,1
194347,1
5629,1
94148,1
2878,1
73398,1
168905,0
29722,1
24200,0
138675,0
154652,0
174645,0
113514,1
78592,1
156880,0
113707,1
175844,1
139368,0
14459,0
116550,1
50988,0
182019,1
121333,0
196231,1
197129,0
13097,0
198291,1
82608,0
152166,1
3733,1
99060,1
191897,0
122469,1
88451,1
45752,0
183097,1
27496,0
43644,0
31225,0
173970,1
128886,1
30008,1
52993,0
134003,0
146913,1
5083,1
205553,1
161075,1
83697,1
100985,1
166359,0
146493,0
171661,1
7549,0
162941,1
1570,0
144256,1
183725,0
120346,1
156405,1
60894,0
85870,0
141682,0
85688,0
127648,0
157578,1
137580,0
172286,0
59545,1
85279,0
25171,0
90342,1
22080,0
194447,0
138894,0
183796,0
100158,1
16714,1
8867,0
52005,0
198521,1
193609,0
203572,1
207573,0
191440,0
83064,0
201553,0
51359,0
208879,1
101431,1
145247,1
144566,0
117117,1
56626,1
30328,0
180291,0
23338,0
12292,1
147218,0
196407,0
168929,1
133782,1
68565,0
198751,0
70639,1
25323,0
20357,1
16702,1
79284,0
99813,0
202500,1
22705,1
117128,1
12434,0
114472,1
77051,1
51502,1
87586,1
52981,0
82642,0
141024,0
169410,1
15407,1
155754,0
174533,0
74577,0
87907,1
127647,1
20055,1
164398,1
104035,0
58267,0
78674,1
120006,0
175437,0
61806,1
35278,0
37899,1
96862,1
16028,1
193839,1
39658,0
175918,1
114237,0
22417,1
180458,0
1265,0
203008,1
18887,0
120653,0
154601,1
188218,1
1271,0
162670,0
70732,1
163915,1
97091,1
15380,0
16412,0
5101,1
67141,1
86631,1
40691,1
78919,1
145512,0
163580,0
58867,1
190798,1
132780,1
46852,0
168654,1
2472,1
205076,0
31999,0
200086,1
104714,0
189710,0
67447,0
96476,0
118726,0
16485,1
176017,0
26597,1
57816,1
37086,0
3123,1
170319,0
193636,1
4754,1
145017,1
36412,0
163052,1
139022,0
46108,1
94819,1
135683,1
72286,0
178461,0
210627,1
157758,1
170561,1
180751,1
129054,0
104933,1
33771,1
90109,1
89504,0
119676,0
179558,1
4747,1
124461,0
138022,0
111922,0
207875,1
194945,0
103531,0
51613,1
42465,1
170512,1
199688,0
206039,1
109784,0
48344,0
1893,1
54872,1
129777,0
146372,0
105940,1
144839,1
46259,1
153939,0
89125,0
183320,1
162610,0
114614,1
71495,0
98424,0
172029,0
199763,1
95798,1
16942,0
51568,0
188071,1
109236,1
72453,0
27247,1
34764,0
189129,0
157915,1
76373,0
53219,0
127601,1
18659,0
1872,0
24202,0
57022,1
137900,1
196619,1
187610,0
127786,1
74050,0
61165,0
101579,0
31737,1
122634,1
205036,1
194456,1
210327,0
103773,0
162362,1
122979,0
114354,1
169493,1
16682,1
209285,1
190671,0
133330,1
146727,0
10281,1
86005,0
50928,0
130410,1
207935,1
8025,0
42908,0
147794,1
97510,0
43614,0
55303,0
119856,1
97159,0
160453,1
27780,1
65336,0
42923,0
80004,0
194054,0
149476,1
133028,1
2578,0
45512,0
116755,1
177831,0
109502,1
133432,1
127145,1
193365,0
183477,0
201708,0
20428,1
206094,1
81844,0
109248,1
143720,0
16342,1
95056,1
115353,1
21180,1
18939,0
52390,0
111127,1
33832,0
182078,0
159806,0
137179,1
33927,0
62344,0
71393,1
57241,1
190130,0
19712,1
205689,0
86464,1
67827,1
172015,0
108896,1
2295,1
120578,0
148526,1
95968,1
40942,0
135872,1
95050,0
147897,1
176779,1
166419,0
78952,1
51418,0
156474,1
66180,1
15456,0
172730,1
87354,0
207937,1
193091,1
11197,1
187470,0
50073,1
180669,0
129456,1
138914,1
13998,0
9556,1
1718,0
135611,0
41735,1
105341,1
92687,1
185609,1
6564,1
3778,1
167803,0
69974,1
39518,0
172097,1
70954,1
179715,0
61243,1
16727,1
38981,0
53739,0
70319,0
178151,0
70322,0
39351,0
17421,0
2239,0
137527,0
63114,0
64055,0
145287,0
29136,1
169220,1
146856,1
97578,0
63894,1
27318,0
173780,0
106911,0
105133,0
171503,1
105643,0
109226,1
197132,0
103162,0
165284,1
186054,1
68049,0
91968,1
43230,1
167778,1
127171,1
50294,1
146229,0
9220,0
167152,1
67622,0
170285,0
91466,0
155466,0
189057,1
103594,1
178148,0
179677,0
210462,0
43689,0
196351,0
70988,1
3018,1
122846,1
95662,1
42848,1
21785,1
159677,0
85663,0
53327,1
67636,0
125382,1
15981,0
80201,0
53546,0
129817,1
29064,0
94625,0
102796,1
66791,1
41580,1
16269,0
144476,0
111186,1
45197,0
4722,1
175784,0
62173,0
105584,1
49154,0
209889,0
162684,1
207273,0
47743,0
181403,0
89786,1
93481,1
177183,0
179046,0
84485,1
19091,1
69592,0
71869,0
159828,0
14398,1
117724,1
184185,1
127432,0
129003,0
119020,0
48532,1
141762,1
101689,1
198274,0
6504,0
149842,1
2455,1
185906,1
179958,0
205721,1
142978,0
107188,0
114590,1
35439,1
210631,1
12782,0
89663,0
60737,0
186769,0
16198,1
169344,0
97863,1
182267,0
100947,1
89918,0
152228,0
55666,0
74731,0
177750,1
112213,1
186461,1
37888,1
36450,0
91903,0
203257,1
69847,0
54465,0
103757,0
51807,1
160613,1
64834,0
15314,0
40842,0
202868,1
12379,0
27002,1
4738,1
49209,1
135694,1
148254,1
18101,0
78772,1
151876,1
70289,1
178216,0
93330,1
50494,0
7622,0
170236,0
153384,0
190612,1
170961,1
210389,1
173380,1
75947,0
9099,1
70073,1
100725,1
62578,0
207452,0
144551,0
209635,1
87518,1
186586,1
141691,0
8111,1
201977,1
52910,1
99161,0
36968,1
134057,1
57771,1
200211,0
156732,1
186276,1
107869,0
32230,0
94969,0
113453,0
184090,0
197491,1
43721,0
117414,1
140334,0
190895,0
2316,0
22399,1
33898,1
168917,1
23044,1
25026,0
134395,1
100679,0
25376,1
166069,0
78864,0
108181,1
138340,0
159156,0
139334,1
191003,1
99089,1
36334,0
180170,0
117666,1
190905,0
10218,0
169656,0
115670,0
3116,1
39584,1
191314,0
904,1
141501,0
95182,1
943,1
194114,1
194455,0
150749,1
194648,0
1636,0
145072,1
188388,0
200225,1
119688,0
6784,1
201079,0
103689,1
87219,0
182533,0
61011,0
12079,0
112870,1
74371,1
179492,1
84696,1
199194,1
106879,1
144244,0
187914,1
114208,0
97875,1
92574,1
52646,0
96627,1
151628,1
95599,0
149651,0
36659,0
142704,0
43324,0
14898,0
32505,1
143239,1
82407,1
9415,0
95856,0
192141,1
89044,0
203091,0
49990,1
40544,0
124150,0
79290,0
205359,1
155031,0
44382,0
157902,0
187885,1
55505,0
211057,0
55116,1
72418,1
111770,0
207517,1
189949,1
94860,0
4000,0
148878,1
25045,0
173298,1
41363,1
199396,0
185925,1
133026,1
39442,0
95474,0
173342,1
199030,1
156473,0
55077,0
162142,0
88106,1
11728,0
89677,1
151603,0
138797,0
23987,1
6337,1
126971,1
141543,1
75686,1
19957,0
27944,0
113428,1
75265,0
194681,0
175835,0
8011,0
47391,0
6887,1
93897,1
34466,0
199775,1
134333,0
210246,0
10159,1
3780,0
196170,0
86514,1
72948,1
10509,0
97871,1
9359,1
25783,1
74186,1
27208,1
197658,1
211685,0
148255,0
22323,1
131609,0
145387,0
18818,0
107475,1
182002,1
11896,1
19416,0
127755,1
100335,0
55701,1
131932,0
103712,1
68952,1
143009,0
177734,1
20280,1
51825,1
48936,1
4368,1
207147,0
75561,0
167175,0
210813,1
101516,0
113339,0
58024,1
202363,0
152966,0
94961,1
62699,1
71767,1
55070,0
103557,1
77630,1
184079,1
135930,1
191525,0
11030,1
37011,0
192190,0
27797,0
125964,0
159509,0
111804,1
99652,0
193705,0
5830,0
111454,0
115239,1
38529,0
39233,1
179507,1
3376,1
184192,0
87847,0
126366,0
108271,1
177781,0
85990,0
37321,1
112404,1
105356,1
115867,1
173579,0
58419,0
104632,1
29707,0
29646,0
149177,1
55530,1
13517,0
209162,0
18702,1
108348,1
99858,0
175401,0
147711,1
11223,1
210699,1
31841,0
120338,1
63953,0
203275,0
58545,0
74999,0
155082,0
7862,1
165996,0
199761,0
33088,0
21374,0
42652,0
183520,0
154157,0
138577,1
82848,0
56928,1
209915,0
86335,1
69417,0
171669,0
177441,0
81327,0
129927,1
153261,1
165069,0
555,1
27963,1
57261,0
104802,0
183457,0
11859,0
74979,0
50305,1
69993,1
84150,1
30501,0
72050,0
171667,0
6743,1
116018,0
181132,1
161394,1
150375,1
17104,1
8869,0
37532,1
27399,1
16733,0
44169,1
75655,0
172506,0
78992,0
104060,1
17724,0
168613,0
60771,1
71743,1
190200,1
78492,0
204241,1
88225,1
34221,1
70425,1
130548,1
142181,0
43007,0
187698,1
207754,0
198430,0
144028,0
92645,0
22241,0
60935,1
131150,0
100865,0
69757,0
19630,0
170164,0
68902,1
208993,1
89897,0
203824,1
198135,0
94339,0
177993,0
99811,0
33089,1
205280,1
136915,0
4875,1
174794,1
59225,1
42047,1
181909,1
88263,0
192245,0
143436,1
78425,1
156706,0
198336,0
193218,0
77,1
44546,1
104821,1
194416,0
131770,0
46378,1
185177,0
72915,1
100417,1
36695,0
205086,0
2120,1
160819,1
174806,0
105794,0
50578,0
168475,1
61460,0
36126,1
87247,1
206202,1
204040,0
28436,1
39418,0
70811,1
111974,1
117282,1
122011,1
64209,0
81135,0
166571,0
198986,1
58810,1
84358,1
141625,0
192442,1
170656,1
157924,1
163725,1
209883,1
27918,0
151234,1
167288,1
1405,1
78904,1
161029,1
34487,1
199069,0
159591,1
166061,1
33592,1
141070,0
37841,1
62886,1
196501,0
202066,1
132157,1
107078,1
143491,0
77114,0
57907,0
75993,1
94389,1
209257,0
202892,0
199699,1
165719,0
44857,1
35636,1
211323,1
70494,1
55179,0
23067,1
198250,1
117237,0
122646,0
144550,0
198780,0
131712,0
18036,0
99919,1
112483,0
51981,1
140914,1
35572,1
50692,1
51988,0
106646,1
122729,1
145475,1
102413,0
201672,1
55014,1
165155,1
202428,1
188515,1
165380,0
8959,0
26665,1
187380,1
9208,0
39400,0
111119,1
71302,0
162116,0
97840,0
154011,1
65825,0
2694,0
57187,1
208720,0
82999,0
65899,1
64249,1
32615,0
67062,0
172689,1
135628,1
184574,0
20157,0
166318,1
36227,0
118997,1
155254,0
210672,0
147400,0
134885,1
207621,1
130743,0
96843,1
70541,0
1739,1
160787,1
25371,1
124652,1
182639,0
144064,0
69477,0
4760,1
125059,1
74101,1
60868,0
21887,0
160848,0
89174,1
31919,0
162690,0
172708,0
184398,0
94446,1
177367,1
184803,0
119179,0
116063,0
42579,0
47769,1
167248,1
10198,1
154312,1
98289,1
23931,1
17273,0
66138,0
136372,0
136779,1
162645,0
127019,1
150640,1
169462,0
18820,1
150548,1
72770,1
108647,1
194503,0
170820,0
162284,1
169795,1
164182,1
16405,0
86640,1
70544,0
18033,0
185380,0
197018,1
175450,1
156537,1
17686,0
176329,0
170240,1
5107,1
77600,0
191715,0
204534,0
135186,1
44222,0
165251,0
180916,0
49153,0
66970,1
205696,0
60762,0
87133,1
105269,0
195354,1
109198,0
107132,0
17888,0
9406,0
34350,1
191673,0
73714,0
39373,0
41642,1
55164,0
132969,0
55082,0
143950,0
75652,0
202980,1
60577,1
111684,1
133236,0
120723,1
79939,0
15005,1
16400,0
121120,0
140019,1
125569,1
36253,1
40479,0
141472,0
182910,0
12384,1
134194,1
94414,1
35246,0
56289,1
208620,1
40312,1
200714,1
173584,1
141897,1
73000,1
113735,1
145094,1
11815,1
110768,1
32153,0
125364,1
144693,0
125168,0
206470,0
134907,1
75887,1
197763,0
55149,0
204166,0
156811,1
6634,0
134448,1
150620,1
65980,0
120506,1
128276,1
48896,0
126753,0
30478,1
134585,0
63249,0
93736,1
112347,1
200575,0
38459,0
149530,0
92247,1
62957,1
21076,0
122931,1
93418,0
207316,1
32088,0
95187,0
158571,1
3448,0
163990,0
165548,0
50081,1
171459,0
111306,1
56205,1
189849,0
200198,0
167032,0
47477,0
57393,0
146524,1
121881,1
175533,1
182647,1
76398,1
31845,0
134872,0
17365,1
71343,1
40390,0
146109,1
199758,0
116165,0
87624,0
174365,0
51483,0
75786,1
94718,0
187731,0
18576,0
100212,0
130297,0
71713,1
97009,0
33877,0
129419,1
169262,1
40061,1
39769,1
155623,1
2427,1
121625,1
62647,1
25311,0
137213,0
64895,1
136164,0
58873,1
97260,1
38622,1
36349,0
128347,0
28558,0
70531,1
22330,0
156106,1
165960,1
179817,0
91168,1
48511,0
164397,0
189861,0
156250,0
180249,0
94466,1
91693,1
92855,0
152182,0
91487,1
115660,0
163813,0
155557,0
68109,1
176431,0
167536,1
44336,1
24889,0
2492,1
4713,1
123101,0
45952,0
68093,1
94995,0
210060,1
76732,0
136134,0
30622,0
78022,1
179625,1
65250,1
182114,0
173659,0
107296,1
30831,1
20554,1
319,0
173310,1
210502,1
33467,1
2802,0
151923,1
114011,0
170385,0
161600,0
182367,1
167687,0
210159,0
122844,1
103611,1
144296,1
204648,1
9149,1
113454,1
65780,0
12609,1
36121,0
65813,0
76239,1
47202,0
126043,1
188596,0
204549,1
110978,1
36462,1
169856,1
138003,1
93829,0
139855,1
179045,1
131093,1
32824,0
178167,1
210570,0
67384,0
73595,0
114827,1
21601,1
51611,1
77405,1
184315,0
122679,1
20762,0
45028,0
93235,0
168473,0
57380,0
1404,1
187059,1
77577,1
102695,1
39255,1
67479,0
143975,0
145723,0
31278,0
12085,0
32611,1
170416,0
120681,1
146180,0
114144,0
41584,1
168884,1
134564,0
152922,0
87262,1
649,1
118701,0
134647,1
54888,1
169897,0
82413,1
15669,0
190444,0
67759,1
94056,1
121999,1
168489,1
73198,1
115526,1
120754,0
139531,1
128794,0
150667,0
123191,1
82796,0
168124,0
109726,1
71555,0
69839,1
160751,0
54451,1
85730,1
64869,0
109559,0
66400,0
76006,1
46641,0
71019,1
119708,1
175,0
201218,0
105629,1
43550,0
74899,0
141795,1
15622,0
172539,1
198076,0
208158,1
107473,0
150230,0
122043,0
55628,0
190052,0
103080,1
17689,0
112329,0
85943,0
46394,1
53580,1
97909,1
107481,1
78776,1
187191,1
42741,0
181340,0
191329,0
11982,0
181782,1
120423,0
107948,0
86980,0
169901,0
68791,1
56278,1
191823,0
36756,1
23522,1
202822,0
156023,1
32526,0
187618,0
40722,1
38568,0
88418,0
150956,1
137844,0
86396,1
208944,1
153736,0
207726,0
13215,1
160992,1
8069,0
151069,0
101942,1
158376,1
171898,0
13527,1
37339,0
122510,1
15817,0
47299,0
19772,0
4979,0
17194,1
128001,1
205944,1
52703,1
103033,0
116983,1
92352,1
182041,0
127080,1
172548,0
41846,1
182856,1
141789,1
153999,1
6317,1
9007,1
34817,1
166065,0
104742,0
165570,1
100928,0
153794,0
204447,0
86320,1
149027,1
72127,0
85218,0
210875,1
200713,1
181540,1
73438,0
39354,0
5628,0
67712,1
98541,1
133669,0
196294,1
11273,0
121299,0
194595,0
61450,1
22809,0
135485,1
16984,1
50484,0
138436,0
42984,0
140393,1
176851,0
94089,0
79940,1
42878,0
48760,1
93517,0
58927,1
129618,0
144597,0
66067,1
211271,1
189059,0
152297,0
207531,0
174520,1
171269,1
139121,1
211619,1
58588,1
89650,1
93417,0
50280,0
81921,1
110742,1
83874,1
74735,1
124161,1
90410,0
150133,0
143849,1
52472,1
194795,1
108542,1
18231,1
104902,0
173241,0
68375,1
12483,0
139208,1
146336,1
22783,1
68682,1
132148,1
206538,1
188975,0
181449,1
149406,1
170663,0
81518,1
7051,0
128368,0
75896,0
28707,0
173807,0
155353,1
113839,0
37909,0
148013,1
11465,0
13082,1
145888,1
130351,1
202053,0
3956,1
117042,0
138054,1
70863,1
37318,1
175848,1
160123,1
103538,0
181377,1
91304,0
53239,1
19883,1
31858,1
139901,0
70611,1
64395,1
199309,0
78043,1
191766,1
57778,1
44498,1
9467,1
75943,0
47067,0
96092,0
52261,0
163138,0
125935,0
175767,0
5304,1
50392,0
181086,1
90669,0
84283,0
152291,0
32652,0
157850,1
104774,1
54378,1
161299,0
143102,0
102991,0
140690,1
139259,0
91980,1
81452,1
47492,0
172355,0
166818,0
194091,1
46154,0
49835,0
128295,0
52777,1
77891,1
148812,1
133427,0
211663,1
196461,1
176295,0
19312,0
35852,1
86213,1
108741,0
24214,1
101880,1
8802,0
17996,1
82057,0
16837,0
31446,1
172944,0
135349,1
149019,1
144738,0
113771,0
43925,0
154807,0
118168,0
67968,0
137506,1
121005,0
42554,1
79813,1
48313,0
40896,0
131283,1
43838,0
35337,0
115014,0
181856,1
139919,0
27055,1
162128,0
141303,1
154828,1
54615,1
94683,1
88882,0
64843,0
131151,1
202272,1
99785,1
37375,0
47544,1
147673,1
44940,0
131409,0
193645,0
144831,0
122547,1
190430,1
125914,0
87606,1
28317,1
53737,1
189509,1
72237,1
80052,0
55845,0
13236,0
88511,1
46866,1
157145,0
157436,1
210947,1
72277,0
105028,1
32610,0
167036,1
189433,0
160480,0
4891,0
182166,1
32754,1
37939,1
117542,0
175635,1
95407,1
201069,0
142323,0
170018,0
124426,1
69284,1
201689,1
4179,1
5584,0
160441,1
66633,0
189935,1
39041,0
15048,1
49801,0
10817,1
58486,1
132806,1
132576,0
204592,1
195808,0
56826,0
83102,0
207,0
149470,1
142413,1
51606,1
201721,1
175554,1
43141,1
168845,0
116070,0
37614,1
175413,1
197349,1
177688,0
195843,1
26156,0
21916,0
38767,0
143983,1
18436,0
138469,1
40499,0
189384,1
89666,1
30397,1
135418,0
28042,1
10453,0
145772,0
205012,1
28988,0
18393,0
24408,0
55827,1
109845,1
24693,1
34966,1
104094,1
66158,1
112023,1
160517,1
160230,0
41872,1
151981,0
9612,0
149442,1
12202,1
36770,1
2996,0
125144,1
178088,0
20429,1
166181,1
161401,0
106399,1
192436,0
42800,1
108763,0
75034,1
130058,0
137621,0
43020,1
80988,0
81978,0
123322,1
205760,1
87579,0
157416,1
197027,1
141578,0
97229,0
25861,1
69775,1
80484,0
59521,0
99243,0
8074,0
103762,0
142041,0
77083,0
140510,1
97166,0
109535,1
92952,0
210601,0
63113,0
108657,1
67608,1
165262,0
92209,1
205213,1
128642,1
206856,1
104475,1
69641,0
153874,1
169224,0
161432,1
110287,1
2980,1
89845,1
22782,0
171425,1
94773,0
118187,1
18651,1
900,1
182514,0
144447,0
60587,0
162335,1
195778,0
29777,1
31091,0
208532,0
173168,1
175601,1
42962,0
207354,0
123910,0
87285,1
162962,0
46820,1
173116,1
149299,0
83355,0
134350,0
105555,0
180757,1
22581,0
76666,1
106051,0
30057,0
142535,1
36430,1
188086,1
192643,1
175436,1
90267,1
162829,1
80358,1
167341,0
131122,0
176231,0
52684,1
197216,1
124101,0
154725,0
68219,1
106329,1
71958,1
76173,1
78756,1
139645,0
151070,1
143776,1
209467,0
116536,0
36683,0
189514,1
14616,0
59205,1
41293,0
169944,0
165030,1
40552,0
21506,1
68810,1
35518,0
188793,0
189158,0
25615,1
22671,1
86020,0
202749,0
174869,0
157893,1
139168,1
36493,1
43423,1
131318,0
191344,1
35991,1
129026,1
33367,1
57185,1
147046,0
40416,1
141995,0
92849,1
67648,1
172005,1
44002,1
24937,1
115421,0
8206,0
197620,0
87176,1
101277,1
191709,0
41758,1
188013,1
36641,0
1003,1
36876,1
92504,1
102995,1
128062,1
142540,1
169356,0
198388,1
11837,0
76172,1
127036,0
126479,1
8440,1
100937,1
184263,0
167563,0
190890,1
82899,1
104916,0
42867,0
150918,1
20015,0
37472,0
84088,1
101321,0
130934,0
10899,0
147597,0
208997,0
105914,0
3865,0
57877,1
94636,0
30428,0
174542,0
129690,0
70994,1
155821,1
197374,1
33254,0
95408,1
60102,1
176688,1
93102,0
191421,0
48927,0
110040,0
116223,0
207860,0
119569,0
71039,1
118787,0
104190,0
5501,0
31090,0
143011,1
210130,0
160747,0
205315,1
165879,1
131582,1
7731,1
182264,0
35397,1
86282,0
146760,0
113573,0
208763,0
47839,0
170564,1
113803,1
35236,0
159460,0
74680,0
123677,0
89962,1
54383,1
41882,0
13217,0
159493,0
69618,1
210099,1
54379,1
111413,1
120862,0
60826,1
84447,0
64089,0
43814,0
37455,0
35413,0
110764,0
3312,1
139837,0
204975,0
102590,0
147905,0
147888,0
114054,0
14525,1
97432,1
211239,0
2725,1
86202,1
15073,1
172913,0
105355,0
7047,1
20277,1
177582,0
143493,1
45972,0
1882,1
114022,1
140209,1
155412,1
93271,1
93622,1
15838,1
203221,0
99581,0
97304,0
168102,1
134991,0
156635,1
70150,0
172302,0
9228,1
50212,1
107730,1
153022,1
195108,0
97320,0
209448,0
31302,1
155139,0
36843,0
191619,0
141487,1
106187,0
134721,0
168159,1
168090,0
49911,0
68571,0
207533,0
71079,1
173849,0
192195,1
142095,0
1550,0
99286,0
44219,0
122060,1
35813,1
17316,1
151327,0
123662,1
167217,1
193219,1
198459,1
147129,0
85868,0
122221,0
76785,0
40175,1
171506,1
172786,0
5179,0
156611,0
209988,1
203923,0
94283,1
89154,1
130134,0
40752,0
59224,1
137432,1
131965,1
181084,0
144075,0
93675,1
92630,1
204044,1
24769,0
145414,0
120473,0
103215,0
187426,1
176151,1
17566,1
200814,0
188625,0
142966,0
195774,1
202006,1
50838,1
65901,1
65881,0
70435,1
194531,0
135361,0
1945,0
144083,0
150748,0
149537,1
37031,0
125916,0
81632,0
101984,1
33527,0
13692,0
76105,1
62868,0
31556,0
60356,1
34683,1
6138,0
137372,0
161067,0
128919,1
190980,1
193128,0
1431,1
114512,0
67034,0
26993,1
85585,1
47446,0
152513,1
16339,0
86774,1
15950,0
181286,1
41101,0
94670,0
186815,0
53877,1
158402,1
82893,0
55556,1
156828,0
126752,0
34009,1
149112,1
72781,1
32345,1
85873,0
60825,1
68946,1
52944,1
165801,1
45779,0
9243,0
36252,0
144958,0
30688,0
162840,0
110361,0
205405,0
151160,0
7693,0
98281,1
40583,1
94424,0
119972,1
92065,1
135388,1
116099,0
122500,0
98346,1
75983,1
87864,1
9731,1
54230,1
103876,0
57614,1
40318,1
125642,0
2796,0
52775,1
27930,1
49515,0
173030,0
28868,0
80113,1
147979,1
167614,1
153828,1
198996,1
12378,0
12531,1
13938,0
41155,0
211265,1
152352,1
75155,0
164409,0
39187,1
36787,0
69422,0
88503,0
148092,1
29997,1
56438,1
203097,0
173041,0
57964,1
145228,1
96105,0
145652,1
129585,0
85114,0
119375,0
181721,0
160681,1
194621,1
66713,1
21644,1
104800,0
148453,0
207956,1
27732,0
7536,1
44203,0
166458,0
13198,0
117612,0
205430,0
184418,1
182580,0
126413,0
72548,1
131598,1
135154,0
21693,0
112010,1
7131,1
46210,1
107058,1
113721,1
98203,0
103924,0
94431,1
39342,0
67385,1
7441,0
193104,1
169492,1
74338,0
70169,1
150219,0
146650,0
21864,0
97196,0
39753,0
94700,1
55472,0
61873,0
209358,1
61620,1
17216,1
88318,1
59311,1
127159,0
112674,0
109592,0
142108,1
136334,1
5410,1
52799,0
1505,0
207285,0
133909,1
193627,1
32463,1
106106,1
61845,0
73452,1
81469,1
47101,0
19319,1
31395,0
91124,0
103109,1
98422,0
152314,0
109868,1
171400,0
58878,0
201716,1
153176,0
154322,1
43989,0
33562,1
159699,1
162870,1
55559,1
182287,0
72896,1
209773,0
58812,1
199811,1
33247,0
91741,1
144822,0
194061,1
59700,1
92951,1
156004,0
58738,0
193977,0
67228,0
205332,0
92764,1
113285,0
148684,0
20009,1
83363,1
41319,1
177632,0
41605,0
24618,0
195473,1
153737,0
12564,1
20046,1
112720,1
15066,1
159713,0
103387,0
129375,1
198952,1
55442,1
113899,0
24721,1
136429,1
15240,1
166928,0
977,1
25853,0
30890,0
203152,1
100183,0
27784,0
48320,0
191902,1
113150,1
143691,1
23783,0
132683,1
123748,1
210191,1
170318,0
112622,1
138689,0
78238,0
157901,1
55696,0
132673,0
40392,0
144044,0
159715,1
141361,1
11945,1
136660,1
8279,1
202642,0
23081,1
13324,0
75164,1
98516,0
206959,0
61459,0
130998,1
64732,0
144376,0
76254,0
149402,1
211511,0
191489,1
101142,0
141526,1
17678,0
183785,1
201088,1
115686,1
119877,1
9211,1
42368,0
205501,1
44528,0
18203,1
16612,1
142194,1
137544,0
173576,0
90258,0
180956,1
21201,1
181107,0
74284,0
170120,1
150234,0
13580,1
45409,1
26343,0
123557,0
85983,1
46980,0
88050,1
89584,0
138272,0
195217,1
77855,0
125736,0
136552,1
156455,1
57328,0
117420,1
175273,1
57541,0
57963,1
84650,1
192911,0
111433,0
86299,1
83927,0
150810,0
100086,1
35926,1
180816,1
122186,1
135384,1
114098,1
109645,0
143934,0
173036,0
92909,1
20162,1
18480,0
132125,1
75244,0
66402,0
135984,1
107545,0
59510,1
155980,0
41056,0
66956,0
156942,1
154896,1
172105,0
39848,1
171922,1
211875,0
93992,0
133302,1
45968,1
122689,1
152744,0
100706,1
116314,0
195477,0
68114,0
158230,0
132368,0
177472,0
109315,0
152863,0
42629,0
173426,0
150153,1
121517,0
95936,0
106600,0
35091,1
3658,0
153534,0
37381,0
58748,1
60134,1
203215,0
113891,0
61693,0
196777,1
137198,0
31565,0
199691,0
159924,1
48899,1
208168,1
184767,1
33421,0
184554,1
143565,0
94733,0
85117,1
32920,1
39089,0
173798,1
58882,1
66804,0
75969,0
208385,1
19577,0
124978,0
51773,0
140989,0
109263,1
130884,1
11978,0
34233,0
116036,1
148175,1
29156,1
171478,1
50092,0
88377,0
158133,1
155991,0
21952,1
63561,0
149533,0
210640,0
183061,1
136566,1
71477,1
41103,0
171371,0
123623,0
191377,0
46076,0
53681,0
26469,1
78417,1
80087,1
119724,0
46844,1
163565,1
133777,1
186040,1
70120,0
10787,0
51905,1
140103,1
46423,1
56392,0
9769,1
148386,1
77501,0
65028,1
94867,0
136437,0
92554,0
202099,1
161097,0
29989,1
135874,0
153765,0
30261,0
171428,0
122716,1
100119,1
140417,1
187279,1
138465,0
156567,0
115300,1
65178,1
18147,0
23989,0
110455,0
200011,1
153761,1
204237,0
75687,1
195490,1
168618,0
450,1
193909,1
118067,1
197009,1
54487,0
65238,1
146279,1
175048,1
28009,1
204550,0
147562,1
30288,0
181018,1
46839,0
128910,1
110574,0
29263,0
56585,0
126064,1
177209,0
125748,1
77717,1
158335,1
33106,0
110610,0
102532,0
6249,1
30490,0
18475,0
79262,0
70874,0
93824,0
42542,1
26930,1
19881,0
156274,1
36525,1
47037,1
190351,1
171054,0
190380,0
189229,0
207739,0
139273,1
60082,1
127903,1
87023,0
146120,1
209862,0
120745,1
15451,1
120443,0
67153,1
76652,0
85522,0
59028,1
5372,1
118414,1
121368,0
130628,0
74469,0
36335,1
86162,0
148344,0
98528,1
80128,0
60923,1
139201,0
193005,0
91782,0
189645,1
31172,1
7129,1
144701,1
201734,0
42170,1
108624,0
144820,1
62592,1
197041,0
85359,0
184273,1
35584,1
195874,1
91961,0
77140,1
139751,0
188729,0
94821,1
153681,1
199956,1
146087,1
95018,1
195992,0
22103,0
91940,0
93808,0
21279,0
52851,1
209699,0
53872,1
105501,0
94244,1
43785,1
3367,1
99292,0
101675,1
143070,1
17221,0
169586,1
3427,1
46111,0
33778,1
12828,0
13104,1
178346,1
146439,0
162097,0
170927,1
153036,1
68597,1
68629,0
197314,0
53684,0
86527,1
135812,1
46128,0
116124,1
210534,1
127155,1
57953,1
70255,1
69434,1
28061,1
92145,1
164999,1
58174,0
194131,0
105806,1
43966,1
157831,0
85158,0
11303,1
121564,0
179594,1
14620,0
170653,1
173885,0
15711,1
138002,0
46090,1
165918,0
70672,0
202218,1
124781,0
13914,0
205695,0
156501,1
117509,1
125020,0
132992,0
11102,1
169440,1
10433,1
178114,0
66536,1
102493,1
199259,1
1455,1
102229,0
123309,0
172767,0
84554,0
91471,0
133794,1
208391,1
176296,0
147060,1
52693,0
201557,1
19313,1
128352,1
164768,1
97023,1
203179,0
109805,0
132433,0
139128,1
211408,0
211497,0
26995,1
105612,1
110582,0
49335,0
174099,1
62417,0
74317,0
59233,1
129874,1
13624,0
17765,1
164126,1
16352,1
71974,0
163786,1
207173,1
17736,0
108731,1
72880,0
153094,1
19973,0
45524,0
162761,0
107766,1
85394,1
174680,0
160837,1
25046,0
193220,1
8245,0
145384,0
210265,1
164890,1
139307,1
107061,0
102542,0
187581,0
25768,1
145589,1
135283,1
146572,0
156539,0
132706,1
105103,1
152463,0
81016,1
51003,0
19868,1
210006,0
23552,0
48623,1
2142,1
41842,0
89172,0
44964,0
53172,1
199055,0
10407,0
13169,0
172593,1
169592,1
78931,1
122377,0
49910,1
136600,1
133441,0
141369,1
121815,0
164077,0
3801,0
201496,1
174484,1
166229,1
7137,0
38821,0
62247,1
197590,1
30243,0
45093,0
63150,1
111618,1
86135,1
30822,1
32915,1
143774,0
46434,0
136232,1
126862,0
84570,1
185618,0
191746,1
97468,1
180301,0
9525,1
153655,1
29448,1
199714,1
208499,0
160455,0
111859,0
128778,0
8645,1
2367,1
202469,1
170267,0
121378,0
45429,1
53374,0
15290,0
159548,0
91187,1
13445,1
124261,0
196829,1
191956,0
33976,0
42918,1
145119,0
184036,1
45298,0
208113,1
147845,0
4505,1
168359,1
6340,1
105105,0
69424,1
183423,0
172429,0
80838,1
71217,1
47239,0
48314,1
116687,1
99941,1
1225,0
19818,1
128442,0
146141,0
22865,0
41220,0
113776,0
160838,1
84114,1
178575,1
39806,0
165300,0
180186,1
11306,0
68295,1
3439,0
30497,1
124429,1
118723,0
90438,0
19363,1
148171,1
55064,0
55412,0
97043,1
195106,1
165503,0
8481,1
110563,0
181277,0
195299,0
47563,1
72678,1
96121,0
65190,0
25967,1
190331,0
80677,1
80748,1
34215,1
129703,1
4856,1
159481,1
173339,1
32875,0
167310,0
202758,0
168456,1
101828,1
80987,0
104793,0
179587,1
72791,1
177151,1
205392,0
137282,0
130596,0
209700,1
78946,0
56754,1
26085,0
20232,0
141004,0
53507,0
110028,0
17851,0
126126,1
44052,1
118552,0
109368,1
115707,0
145633,0
141735,1
169747,1
60610,0
2279,0
18584,1
74633,0
116308,1
20035,0
152464,0
169617,1
166736,0
69109,1
73569,0
156649,0
201228,0
138714,1
207071,0
75738,1
188595,1
163766,1
120503,1
132755,1
31317,1
20716,1
146646,0
90170,0
166977,1
122873,1
141156,1
40974,0
208583,1
180544,1
16056,0
46314,1
160096,0
58476,0
115597,0
90588,0
34089,0
15054,0
183028,0
41567,1
131689,0
169208,0
123325,1
28764,1
719,1
34076,1
161129,1
8533,0
71232,1
59606,0
11384,1
152336,1
151896,0
94730,0
144250,1
31749,1
164411,0
177552,1
198849,1
85685,0
15434,1
99416,0
191390,0
18573,0
175224,0
14034,0
59072,1
83369,1
169742,1
183024,0
38790,0
93489,1
127924,1
75570,0
92844,1
187695,0
61545,1
68783,1
20612,1
26139,1
91030,0
29457,1
15397,0
71914,0
206581,1
100493,0
93802,1
56230,0
107639,0
56,1
78211,1
102012,0
14798,1
197317,1
87295,1
11925,1
62388,0
161761,1
16920,1
131295,1
118548,1
202548,0
17530,1
18660,1
88530,0
100298,0
211954,1
5742,1
183229,0
191500,1
87429,0
10095,0
95101,1
19564,0
170279,1
133785,1
56149,0
115567,1
77701,0
136839,1
176054,0
112129,0
66266,1
151007,0
92463,0
48000,0
44839,0
565,0
40579,1
108176,0
176985,0
210031,1
199767,1
94249,1
49044,1
186979,0
115980,0
136029,0
40043,0
49587,0
10853,1
1369,0
164777,1
161873,0
12665,1
14660,0
144352,1
147416,0
200954,1
41333,0
8029,1
108477,1
132293,0
203261,1
178643,1
65479,1
51389,0
4946,0
39522,0
191143,1
86578,0
61206,0
185081,0
1112,0
173726,0
151322,1
3590,1
176590,1
14124,1
149420,1
29412,1
165507,1
149273,0
47746,1
202760,0
182064,1
37145,0
88864,0
194107,1
111957,0
151591,0
195281,1
135074,0
152064,1
112989,1
182472,0
162842,1
7785,0
20784,1
82976,0
57686,0
5778,0
10851,0
197597,1
206839,0
154415,1
4866,0
198619,0
109165,1
36967,1
128511,0
138452,0
29003,1
48460,1
119337,0
24954,1
7272,0
6369,0
124029,0
81088,1
12573,1
185985,0
151649,1
129630,0
119851,1
73110,1
195310,1
80806,1
99907,0
7954,0
9032,0
73607,0
117609,0
102573,0
24593,1
85347,1
77077,0
184189,0
132826,1
193554,1
13140,1
107600,1
112867,0
189159,0
48203,0
30995,1
3598,0
185087,1
1822,1
126329,1
181011,0
7328,0
82684,1
111164,1
92523,0
124860,0
171933,0
202814,0
81480,1
31726,1
154961,0
178100,0
193032,1
83679,1
160628,1
48107,1
101703,1
26639,0
3668,1
35536,0
173193,1
33235,0
91512,0
169389,0
28135,1
100456,1
48364,0
208575,1
180546,1
136562,1
5636,1
146242,1
67457,0
50994,0
56231,0
204750,1
69121,0
8580,0
66534,0
14384,0
160070,1
46156,1
154791,1
32811,1
6193,1
186071,1
167416,0
103153,0
37620,1
113539,0
93835,0
39086,1
26782,0
200222,1
96449,0
24443,1
198903,0
204351,0
34800,0
131734,0
64320,1
28169,0
197572,1
51372,1
33411,0
34413,0
81116,0
117222,1
163450,0
82316,1
86408,0
209433,0
97750,0
188513,1
173575,1
197063,0
96114,0
173071,0
132233,0
174976,0
136076,0
57534,1
207115,0
42558,1
174966,1
187984,0
167114,0
108555,1
106638,1
169071,0
54661,1
91160,1
206623,1
3192,0
29946,1
174746,1
160892,0
196420,1
187590,0
135699,0
46061,0
31867,0
59647,0
151368,0
97090,1
117402,1
106822,0
167000,0
188773,0
211194,1
209687,1
82303,0
147783,0
33207,0
133899,1
98807,0
44640,1
172210,0
185781,0
109996,0
72629,0
210783,1
37461,0
66663,1
12551,1
37115,1
47503,1
45139,0
205417,0
28760,0
207211,1
93005,0
136238,0
117106,1
45902,0
114307,0
128854,1
58342,1
16856,1
119511,1
95906,1
36975,0
30799,0
35898,1
151979,0
94818,1
143135,1
177272,0
127953,0
162929,1
60725,1
111236,1
210898,0
186827,1
36285,1
40074,1
177325,1
33923,0
46348,0
87169,1
92424,1
113163,1
90042,1
69852,0
85650,0
115049,0
48889,0
30013,1
147722,1
2581,1
108585,1
135975,0
31731,1
14901,1
197803,1
71581,0
118268,0
110693,1
40986,0
39747,0
118449,1
3713,0
162921,0
157554,1
190490,1
94891,0
133548,1
96234,0
88770,1
107788,1
135285,1
198898,1
129714,1
139843,0
57337,1
97228,1
137096,1
114566,0
165899,1
173120,0
175961,1
166949,1
165081,0
17187,1
7101,1
206664,1
87484,0
193186,1
88217,0
108791,0
196049,1
170121,1
144863,0
155463,0
51160,0
4908,0
128981,0
83251,0
63873,0
27553,1
104409,1
86340,1
114274,0
193456,0
189894,0
64723,0
177434,0
75386,1
43893,0
142287,1
79757,0
81874,0
60511,0
72953,1
37105,0
172585,0
38023,1
25756,0
183113,0
172975,0
199305,0
6051,1
54741,0
190812,0
178920,1
171793,1
156247,0
152898,1
94613,0
81999,1
84675,1
125426,0
13835,0
26106,0
198544,0
38907,1
97375,1
73028,0
174413,0
81586,1
43053,0
131860,0
10593,1
59913,1
70153,0
184226,0
128139,0
201260,1
198414,0
171186,0
63077,1
10063,0
198163,0
53663,1
163386,1
119635,1
103509,0
130135,0
37992,1
116075,0
55059,0
144268,0
92355,0
117440,0
54516,1
86145,0
167343,0
166308,1
54845,0
174741,1
30141,1
11199,1
56470,0
160209,0
78575,1
135223,1
165423,1
29125,0
151401,1
47160,1
164566,0
63547,1
119577,1
144257,0
27380,0
191780,0
136652,1
15211,1
53833,0
34308,0
194296,1
37547,0
7253,0
95779,1
124036,0
108143,1
29773,1
204305,1
27107,0
106539,1
65774,1
64547,0
1194,1
56948,0
150524,1
40444,0
58677,1
102180,1
136741,1
75473,0
36195,0
27255,1
69199,0
46742,1
160623,0
99065,0
9865,1
190887,0
25625,0
